uri	ar	ar_other	translit	type	region	lat	lon	certainty
WASHQA_003W421N_R	وشقة	وشقة	Wašqaŧ	regions	Andalus	42.16109	-0.35371	certain
WASHQA_003W421N_S	وشقة	وشقة	Wašqaŧ	towns	Andalus	42.16109	-0.35371	certain
BALANSIYYA_004W394N_R	بلنسية	بلنسية	Balansiyyaŧ	regions	Andalus	39.43516	-0.41486	certain
BALANSIYYA_004W394N_S	بلنسية	بلنسية	Balansiyyaŧ	towns	Andalus	39.43516	-0.41486	certain
SHAQR_004W391N_S	الشقر	الشقر	al-Šaqr	villages	Andalus	39.16483	-0.43734	certain
QANT_004W383N_S	قانت	قانت	Qānt	towns	Andalus	38.34618	-0.47061	certain
SHATIBA_005W389N_S	شاتبة	شاتبة	Šātibaŧ	towns	Andalus	38.96551	-0.52276	certain
SARAQUSA_009W416N_R	سرقوسة	سرقوسة، سرقوسطة	Saraqūsaŧ	regions	Andalus	41.63368	-0.92920	certain
SARAQUSA_009W416N_S	سرقوسة	سرقوسة، سرقوسطة	Saraqūsaŧ	towns	Andalus	41.63368	-0.92920	certain
QARTAJANNA_009W376N_S	قرطاجنة	قرطاجنة	Qarṭāǧannaŧ	villages	Andalus	37.60050	-0.98315	certain
NAHRABRUH_009W417N_W	نهر أبره	نهر أبره	Nahr Abruh	waters	Andalus	41.78270	-0.99933	certain
MURSIYA_011W379N_S	مرسية	مرسية	Mursiyaŧ	towns	Andalus	37.99945	-1.11443	certain
TUDMIR_013W379N_R	تدمير	تدمير	Tudmīr	regions	Andalus	37.95834	-1.34462	certain
TUTILA_016W420N_R	تطيلة	تطيلة	Tuṭīlaŧ	regions	Andalus	42.04634	-1.62697	certain
TUTILA_016W420N_S	تطيلة	تطيلة	Tuṭīlaŧ	towns	Andalus	42.04634	-1.62697	certain
LURQA_017W376N_S	لرقة	لرقة	Lurqaŧ	towns	Andalus	37.65320	-1.73128	certain
MADINASALIM_024W411N_S	مدينة سالم	مدينة سالم	Madīnaŧ Sālim	towns	Andalus	41.13714	-2.41736	certain
BAJJANA_024W369N_R	بجانة	بجانة	Baǧǧānaŧ	regions	Andalus	36.95657	-2.41826	certain
BAJJANA_024W369N_S	بجانة	بجانة	Baǧǧānaŧ	towns	Andalus	36.95657	-2.41826	certain
MARIYYA_025W368N_S	المرية	المرية	al-Mariyyaŧ	towns	Andalus	36.86202	-2.50099	certain
WADIHIJARA_031W406N_R	وادي الحجارة	وادي الحجارة	Wādī al-Ḥijāraŧ	regions	Andalus	40.64910	-3.15111	certain
WADIHIJARA_031W406N_S	وادي الحجارة	وادي الحجارة	Wādī al-Ḥijāraŧ	towns	Andalus	40.64910	-3.15111	certain
WADIYASH_031W373N_S	وادياش	وادياش	Wādiyāš	towns	Andalus	37.33966	-3.16459	certain
SHAWDHAR_033W378N_S	شوذر	شوذر	Šawḏar	towns	Andalus	37.87641	-3.34803	certain
BAYYASA_034W379N_S	بياسة	بياسة	Bayyāsaŧ	towns	Andalus	37.99980	-3.45773	certain
GHARNATA_035W372N_S	غرناطة	غرناطة	Ġarnāṭaŧ	towns	Andalus	37.20621	-3.59980	certain
MANTISHA_036W398N_S	منتيشة	منتيشة	Mantīšaŧ	towns	Andalus	39.81332	-3.62588	certain
LIBIRA_036W372N_R	لبيرة	لبيرة، إلبيرة	Libīraŧ	regions	Andalus	37.22734	-3.66814	certain
LIBIRA_036W372N_S	لبيرة	لبيرة، إلبيرة	Libīraŧ	towns	Andalus	37.22734	-3.66814	certain
QALARABAH_037W388N_S	قلعة رباح	قلعة رباح، قلعة رباط	Qalʿaŧ Rabāḥ	towns	Andalus	38.80312	-3.78324	certain
JAYYAN_038W377N_S	جيان	جيان	Ǧayyān	towns	Andalus	37.78977	-3.80302	certain
QASTALLA_038W379N_S	قسطلة	قسطلة	Qasṭallaŧ	towns	Andalus	37.98847	-3.87676	certain
ABNASH_039W396N_S	أبنش	أبنش	Abnaš	towns	Andalus	39.63212	-3.91003	certain
MALAQUN_039W391N_S	ملقون	ملقون	Malaqūn	towns	Andalus	39.17390	-3.91362	certain
MUGHAN_039W399N_S	مغان	مغان	Muġān	villages	Andalus	39.97062	-3.94240	certain
MARTUSH_039W377N_S	مارتوش	مارتوش	Mārtūš	towns	Andalus	37.74285	-3.98826	certain
TULAYTILA_040W398N_R	طليطلة	طليطلة	Ṭulayṭilaŧ	regions	Andalus	39.88926	-4.05210	certain
TULAYTILA_040W398N_S	طليطلة	طليطلة	Ṭulayṭilaŧ	towns	Andalus	39.88926	-4.05210	certain
ARJUNA_040W379N_S	أرجونة	أرجونة	Arǧūnaŧ	towns	Andalus	37.92040	-4.05300	certain
KARKUYA_040W388N_S	كركوية	كركوية	Karkūyaŧ	towns	Andalus	38.81784	-4.06918	certain
BAYGHU_042W374N_S	بيغو	بيغو	Bayġū	towns	Andalus	37.45788	-4.20406	certain
HISNBULKUNA_042W378N_S	حصن بلكونة	حصن بلكونة	Ḥiṣn Bulkūnaŧ	towns	Andalus	37.87073	-4.22025	certain
RAYYA_044W369N_R	رية	رية، ريه	Rayyaŧ	regions	Andalus	36.98351	-4.40368	certain
ARJIDUNA_044W370N_S	أرجدونة	أرجدونة	Arǧidūnaŧ	towns	Andalus	37.08687	-4.42886	certain
MALIQA_044W367N_R	مالقة	مالقة	Māliqaŧ	regions	Andalus	36.74791	-4.43066	certain
MALIQA_044W367N_S	مالقة	مالقة	Māliqaŧ	towns	Andalus	36.74791	-4.43066	certain
QURTUBA_047W379N_S	قرطبة	قرطبة	Qurṭubaŧ	metropoles	Andalus	37.91898	-4.78135	certain
TALABIRA_048W399N_S	طلابرة	طلابرة	Ṭalābiraŧ	towns	Andalus	39.97062	-4.82541	certain
ZAHRA_048W379N_S	الزهراء	الزهراء	al-Zahrāʾ	towns	Andalus	37.96011	-4.85328	certain
FAHSBALLUT_048W386N_R	فحص البلوط	فحص البلوط	Faḥṣ al-Ballūṭ	regions	Andalus	38.63018	-4.89554	certain
GHAFIQ_050W386N_S	غافق	غافق	Ġāfiq	towns	Andalus	38.68214	-5.01064	certain
ISTIJA_051W375N_S	إستجة	إستجة	Istiǧaŧ	towns	Andalus	37.53493	-5.10865	certain
NAHRQURTUBA_051W377N_W	نهر قرطوبة	نهر قرطوبة	Nahr Qurṭūbaŧ	waters	Andalus	37.75423	-5.11225	certain
JAZIRAJABALTARIQ_053W361N_S	جزيرة جبل طارق	جزيرة جبل طارق	Ǧazīraŧ Ǧabal Ṭāriq	towns	Andalus	36.16752	-5.33071	certain
JAZIRAKHADRA_054W361N_R	جزيرة الخضراء	جزيرة الخضراء	Ǧazīraŧ al-Ḫaḍrāʾ	regions	Andalus	36.16359	-5.43793	certain
MAWRUR_054W371N_S	مورور	مورور	Mawrūr	towns	Andalus	37.14029	-5.48272	certain
LIYUN_055W426N_S	ليون	ليون	Liyūn	towns	Andalus	42.61850	-5.56634	certain
FIRRISH_055W379N_R	فريش	فريش، قرسيس	Firrīš	regions	Andalus	37.95728	-5.58702	certain
QARMUNA_056W374N_S	قرمونة	قرمونة	Qarmūnaŧ	towns	Andalus	37.42933	-5.64097	certain
SAMMURA_057W414N_S	سمورة	سمورة	Sammūraŧ	towns	Andalus	41.44051	-5.76776	certain
SHADHUNA_059W364N_R	شذونة	شذونة، شدونة	Šaḏūnaŧ	regions	Andalus	36.46640	-5.91433	certain
SHADHUNA_059W364N_S	شذونة	شذونة، شدونة	Šaḏūnaŧ	towns	Andalus	36.46640	-5.91433	certain
TARAJILA_059W394N_S	ترجيلة	ترجيلة	Taraǧīlaŧ	towns	Andalus	39.48654	-5.93861	certain
MADALLIN_059W389N_S	مدلين	مدلين	Madallīn	towns	Andalus	38.93229	-5.94131	certain
ISHBILIYYA_059W374N_R	إشبيلية	إشبيلية	Išbīliyyaŧ	regions	Andalus	37.40790	-5.96199	certain
ISHBILIYYA_059W374N_S	إشبيلية	إشبيلية	Išbīliyyaŧ	towns	Andalus	37.40790	-5.96199	certain
MAKHADABALAT_060W398N_S	مخاضة البلاط	مخاضة البلاط	Maḫāḍaŧ al-Balāṭ	towns	Andalus	39.80641	-6.06629	certain
SHARISH_061W366N_S	شريش	شريش	Šarīš	towns	Andalus	36.69169	-6.10856	certain
QADIS_061W365N_S	قادس	قادس	Qādis	towns	Andalus	36.57191	-6.18409	certain
MARIDA_063W388N_S	ماردة	ماردة	Māridaŧ	towns	Andalus	38.89521	-6.32886	certain
QASARASH_063W394N_S	قصراش	قصراش	Qaṣarāš	towns	Andalus	39.46953	-6.39540	certain
QURIYA_065W399N_S	قرية	قرية	Quriyaŧ	towns	Andalus	39.96270	-6.55006	certain
LABLA_066W373N_S	لبلة	لبلة	Lablaŧ	towns	Andalus	37.38969	-6.66965	certain
QANTARASIF_068W396N_S	قنطرة السيف	قنطرة السيف	Qanṭaraŧ al-Sīf	towns	Andalus	39.69061	-6.84140	certain
MAIDA_068W406N_S	المئدة	المئدة	al-Maʾidaŧ	towns	Andalus	40.62317	-6.87557	certain
BATALYUS_069W388N_R	بطليوس	بطليوس، بطليوث	Baṭalyūs	regions	Andalus	38.83500	-6.99606	certain
BATALYUS_069W388N_S	بطليوس	بطليوس، بطليوث	Baṭalyūs	towns	Andalus	38.83500	-6.99606	certain
JABALUYUN_069W374N_S	جبل العيون	جبل العيون	Ǧabal al-ʿUyūn	towns	Andalus	37.41112	-6.99696	certain
BASH_071W388N_S	البش	البش، ألبس	al-Baš	towns	Andalus	38.87561	-7.17410	certain
LAB_072W372N_S	لب	لب	Lab	towns	Andalus	37.23807	-7.21996	certain
JALMANIYA_072W387N_S	جلمانية	جلمانية	Ǧalmāniyaŧ	towns	Andalus	38.77894	-7.22985	certain
BAJA_078W380N_R	باجة	باجة	Bāǧaŧ	regions	Andalus	38.00689	-7.80444	certain
BAJA_078W380N_S	باجة	باجة	Bāǧaŧ	towns	Andalus	38.00689	-7.80444	certain
BIZA_078W390N_S	بيزة	بيزة	Bīzaŧ	towns	Andalus	39.02806	-7.87188	certain
KHUSHUNUBA_079W370N_R	خشنبة	خشنبة، أخشنبة	Ḫušunubaŧ	regions	Andalus	37.06463	-7.90515	certain
KHUSHUNUBA_079W370N_S	خشنبة	خشنبة، أخشنبة	Ḫušunubaŧ	towns	Andalus	37.06463	-7.90515	certain
WADITAJU_080W395N_W	وادي تاجو	وادي تاجو	Wādī Tāǧū	waters	Andalus	39.52990	-8.03553	certain
MADINASHALAB_084W372N_S	مدينة شلب	مدينة شلب، شلب	Madīnaŧ Šalab	towns	Andalus	37.22519	-8.42308	certain
QASRBANUWARDAS_084W383N_S	قصر بنو ورداس	قصر بنو ورداس	Qaṣr Banū Wardās	towns	Andalus	38.36698	-8.48333	certain
SHANTARIN_087W392N_S	شنترين	شنترين	Šantarīn	towns	Andalus	39.22337	-8.71712	certain
LISHBUNA_091W387N_S	لشبونة	لشبونة	Lišbūnaŧ	towns	Andalus	38.76878	-9.14514	certain
MADAN_091W386N_S	المعدن	المعدن	al-Maʿdan	towns	Andalus	38.64984	-9.19189	certain
SHANTARA_093W388N_S	شنترة	شنترة	Šantaraŧ	villages	Andalus	38.80838	-9.37353	certain
BAYDA_005E418N_S	البيضاء	البيضاء	al-Bayḍāʾ	towns	Andalus	41.83632	0.57785	certain
TURTUSHA_006E407N_S	طرطوشة	طرطوشة	Ṭurṭūšaŧ	towns	Andalus	40.79221	0.60933	certain
LARIDA_006E416N_S	لاردة	لاردة	Lāridaŧ	waystations	Andalus	41.60948	0.64889	certain
YABISA_014E389N_R	يابسة	يابسة	Yābisaŧ	regions	Andalus	38.94978	1.41141	certain
BAHRRUM_017E372N_W	بحر الروم	بحر الروم	Baḥr al-Rūm	waters	Andalus	37.28888	1.71713	certain
JIRUNDA_028E419N_S	جرندة	جرندة	Ǧirundaŧ	towns	Andalus	41.93607	2.84472	certain
ARBUNA_030E431N_S	أربونة	أربونة	Arbūnaŧ	towns	Andalus	43.18643	3.00118	certain
MARASH_369E375N_S	مرعش	مرعش	Marʿaš	waystations	Aqur	37.58314	36.92987	certain
DULUK_371E371N_S	دلوك	دلوك	Dulūk	towns	Aqur	37.17638	37.17675	certain
HADATH_375E377N_S	الحدث	الحدث	al-Ḥadaṯ	towns	Aqur	37.73001	37.52545	certain
RABAN_376E374N_S	رعبان	رعبان	Raʿbān	towns	Aqur	37.43156	37.68027	certain
ZIBATRA_379E380N_S	زبطرة	زبطرة	Zibaṭraŧ	waystations	Aqur	38.09311	37.90461	certain
ARQA_379E383N_S	عرقة	عرقة	ʿArqaŧ	waystations	Aqur	38.36373	37.96251	certain
MANBIJ_379E365N_S	منبج	منبج	Manbiǧ	towns	Aqur	36.54651	37.98957	certain
HISNMANSUR_380E378N_S	حصن منصور	حصن منصور	Ḥiṣn Manṣūr	waystations	Aqur	37.82371	38.05966	certain
QASRSANJA_381E374N_S	قصر سنجة	قصر سنجة، سنجة	Qaṣr Sanǧaŧ	towns	Aqur	37.49466	38.19495	certain
JISRMANBIJ_382E366N_S	جسر منبج	جسر منبج	Ǧisr Manbiǧ	towns	Aqur	36.67173	38.22057	certain
MALATIN_383E383N_S	ملطين	ملطين، ملطية	Malaṭīn	towns	Aqur	38.35806	38.35767	certain
SIFFIN_384E358N_O	صفين	صفين	Ṣiffīn	sites	Aqur	35.85660	38.41040	certain
SARUJ_384E369N_S	سروج	سروج	Sarūǧ	villages	Aqur	36.97910	38.43806	certain
MUZANIYYA_385E372N_S	المزانية	المزانية	al-Muzāniyyaŧ	waystations	Aqur	37.28854	38.52691	certain
QALAIBRIQ_385E390N_S	قلعة إبريق	قلعة إبريق	Qalʿaŧ Ibrīq	waystations	Aqur	39.05271	38.53819	certain
SUMAYSAT_385E375N_S	سميساط	سميساط	Sumaysāṭ	towns	Aqur	37.54334	38.54365	certain
TALLABDA_387E366N_S	تل عبدا	تل عبدا	Tall ʿAbdā	waystations	Aqur	36.69218	38.72906	certain
RUHA_388E371N_S	الرها	الرها	al-Ruhā	towns	Aqur	37.14970	38.82122	certain
JULLAB_389E374N_S	جلاب	جلاب	Ǧullāb	waystations	Aqur	37.41051	38.91048	certain
AYNRUMIYYA_389E363N_S	عين الرومية	عين الرومية	ʿAyn al-Rūmiyyaŧ	waystations	Aqur	36.34984	38.91206	certain
DIYARMUDAR_389E365N_R	ديار مضر	ديار مضر	Diyār Muḍar	regions	Aqur	36.56338	38.98256	certain
BAJARWAN_389E361N_S	باجروان	باجروان	Bāǧarwān	towns	Aqur	36.13571	38.98556	certain
KAMAKH_390E395N_S	كمخ	كمخ، كماخ	Kamaḫ	waystations	Aqur	39.58627	39.02492	certain
RAQQA_390E359N_S	الرقة	الرقة	al-Raqqaŧ	capitals	Aqur	35.94930	39.05128	certain
HISNMASLAMA_390E363N_S	حصن مسلمة	حصن مسلمة	Ḥiṣn Maslamaŧ	towns	Aqur	36.38728	39.07106	certain
RAFIQA_390E359N_S	الرافقة	الرافقة	al-Rāfiqaŧ	quarters	Aqur	35.94235	39.07703	certain
HARRAN_390E368N_S	حران	حران	Ḥarrān	towns	Aqur	36.88438	39.08906	certain
NAHRBALIKH_390E361N_W	نهر البليخ	نهر البليخ	Nahr al-Balīḫ	waters	Aqur	36.11754	39.09656	certain
TALLMAHRA_391E366N_S	تل محرى	تل محرى، تل بحرى	Tall Maḥrá	towns	Aqur	36.61998	39.13855	certain
HISNZIYAD_392E387N_S	حصن زياد	حصن زياد	Ḥiṣn Ziyād	waystations	Aqur	38.75874	39.22470	certain
BAMAQARA_393E377N_S	بامقرا	بامقرا، بامقدة	Bāmaqarā	waystations	Aqur	37.75537	39.33450	certain
GHURAYZ_394E353N_S	الغريز 	الغريز ، العرير	al-Ġurayz 	waystations	Aqur	35.32264	39.46613	certain
JARNAN_396E379N_S	جرنان	جرنان	Ǧarnān	waystations	Aqur	37.92941	39.61765	certain
TALLHUM_397E381N_S	تل حوم	تل حوم	Tall Ḥūm	towns	Aqur	38.19784	39.75447	certain
QASABA_397E350N_S	القصبة	القصبة	al-Qaṣabaŧ	waystations	Aqur	35.05726	39.76511	certain
TALLMAWZAN_397E372N_S	تل موزن	تل موزن	Tall Mawzan	towns	Aqur	37.22748	39.76550	certain
KHANUQA_398E357N_S	الخانوقة	الخانوقة	al-Ḫānūqaŧ	towns	Aqur	35.75218	39.81661	certain
SHIMSHAT_398E386N_S	شمشاط	شمشاط	Šimšāṭ	waystations	Aqur	38.61412	39.83119	certain
MUBARAK_398E355N_S	المبارك	المبارك	al-Mubārak	villages	Aqur	35.58832	39.83950	certain
BIRA_398E356N_S	بيرا	بيرا	Bīrā	villages	Aqur	35.65809	39.87384	certain
RASAYN_400E368N_S	رأس العين	رأس العين	Raʾs al-ʿAyn	towns	Aqur	36.83758	40.06404	certain
NAHRDHIB_400E380N_W	نهر الذيب	نهر الذيب، نهر الكلاب	Nahr al-Ḏīb	waters	Aqur	38.07602	40.08449	certain
AWAMIL_400E349N_S	العوامل	العوامل	al-ʿAwāmil	waystations	Aqur	34.93204	40.09518	certain
FAMNAHRSAID_401E353N_S	فم نهر سعيد	فم نهر سعيد	Fam Nahr Saʿīd	waystations	Aqur	35.32381	40.13133	certain
AMID_402E379N_S	آمد	آمد	Āmid	capitals	Aqur	37.91510	40.21323	certain
NAHRARSANAS_402E387N_W	نهر أرسناس	نهر أرسناس	Nahr Arsanās	waters	Aqur	38.77905	40.22779	certain
QASRIBNNAZI_403E374N_S	قصر إبن نازع	قصر إبن نازع، قصر بنو نازع	Qaṣr Ibn Nāziʿ	waystations	Aqur	37.40829	40.32760	certain
JAHSHIYYA_404E366N_S	الجحشية	الجحشية	al-Ǧaḥšiyyaŧ	towns	Aqur	36.65489	40.41354	certain
WADIRAMS_404E381N_W	وادي الرمس	وادي الرمس، الرس، وادي صلب	Wādī al-Rams	waters	Aqur	38.18191	40.42465	certain
KAFARTUTHA_404E369N_S	كفرتوثا	كفرتوثا	Kafartūṯā	towns	Aqur	36.98749	40.42704	certain
QARQISIYYA_404E351N_S	قرقيسية	قرقيسية	Qarqīsiyyaŧ	towns	Aqur	35.14620	40.43747	certain
QAMARTI_404E348N_S	القمرطي	القمرطي، القمرطي	al-Qamarṭī	waystations	Aqur	34.81073	40.45161	certain
RAHBAMALIKIBNTAWQ_404E349N_S	رحبة ملك إبن طوق	رحبة ملك إبن طوق	Raḥbaŧ Malik Ibn Ṭawq	towns	Aqur	34.98817	40.45784	certain
MAJDAL_405E365N_S	المجدل	المجدل	al-Maǧdal	towns	Aqur	36.53446	40.55153	certain
RIBATDHUQARNAYN_405E385N_S	رباط ذو القرنين	رباط ذو القرنين	Ribāṭ Ḏū al-Qarnayn	waystations	Aqur	38.57565	40.56071	certain
FASH_405E349N_S	الفاش	الفاش	al-Fāš	waystations	Aqur	34.92311	40.56368	certain
DUNAYSIR_405E371N_S	دنيسير	دنيسير	Dunaysīr	villages	Aqur	37.16749	40.58146	certain
SUKAYRABBAS_405E352N_S	سكير العباس	سكير العباس	Sukayr al-ʿAbbās	towns	Aqur	35.24207	40.58767	certain
FUDAYN_405E354N_S	الفدين	الفدين	al-Fudayn	towns	Aqur	35.41480	40.59626	certain
SUWWAR_406E354N_S	الصوار	الصوار	al-Ṣuwwār	towns	Aqur	35.49287	40.65491	certain
DIYARBAKR_406E378N_R	ديار بكر	ديار بكر	Diyār Bakr	regions	Aqur	37.84795	40.67909	certain
ARABAN_406E360N_S	عربان	عربان	ʿArabān	capitals	Aqur	36.05814	40.69403	certain
MARDIN_407E373N_S	ماردين	ماردين	Mārdīn	towns	Aqur	37.30186	40.71117	certain
HUSAYN_407E356N_S	الحصين	الحصين	al-Ḥuṣayn	towns	Aqur	35.62321	40.71642	certain
NAHRKHABUR_407E355N_W	نهر الخابور	نهر الخابور	Nahr al-Ḫābūr	waters	Aqur	35.50335	40.73502	certain
DALIYA_407E347N_S	الدالية	الدالية	al-Dāliyaŧ	towns	Aqur	34.71355	40.74111	certain
MATARIYYA_407E361N_S	المطرية	المطرية	al-Maṭariyyaŧ	villages	Aqur	36.19626	40.75853	certain
MIKISIN_407E357N_S	ميكسين	ميكسين، ميكسين، ماكسين	Mīkisīn	towns	Aqur	35.74173	40.75934	certain
TABAN_407E361N_S	طابان	طابان، طلبان	Ṭābān	towns	Aqur	36.16114	40.76153	certain
FURDA_407E346N_S	الفرضة	الفرضة	al-Furḍaŧ	villages	Aqur	34.67900	40.78158	certain
KHALIJBANUJUMAY_408E345N_S	خليج بنو جميع	خليج بنو جميع	Ḫalīǧ Banū Ǧumayʿ	waystations	Aqur	34.54577	40.85162	certain
THURABDIN_408E374N_S	ثور عبدين	ثور عبدين	Ṯūr ʿAbdīn	towns	Aqur	37.40165	40.86321	certain
TUNANIR_408E363N_S	تنانير	تنانير، تنينير	Tunānīr	towns	Aqur	36.38969	40.87703	certain
SHAMSINIYYA_409E358N_S	الشمسينية	الشمسينية، الشمسانية	al-Šamsīniyyaŧ	towns	Aqur	35.86703	40.90954	certain
WADISIBA_409E344N_S	وادي السباع	وادي السباع	Wādī al-Sibāʿ	waystations	Aqur	34.42004	40.92477	certain
DARA_409E371N_S	دارا	دارا	Dārā	towns	Aqur	37.18527	40.94689	certain
MAYYAFARIQIN_410E381N_S	ميافارقين	ميافارقين	Mayyāfāriqīn	towns	Aqur	38.14322	41.00798	certain
MUNKHARIQ_411E353N_S	المنخرق	المنخرق	al-Munḫariq	towns	Aqur	35.33548	41.13557	certain
DAZIQI_411E343N_S	دازقي	دازقي	Dāziqī	waystations	Aqur	34.33397	41.15980	certain
WADIMASULIYAT_411E379N_W	وادي مسوليات	وادي مسوليات، نهر ساتيدما، وادي ساتيدما	Wādī Masūliyāt	waters	Aqur	37.98330	41.17006	certain
NASIBIN_412E370N_S	نصيبين	نصيبين	Naṣībīn	towns	Aqur	37.05514	41.22167	certain
NAHRHIRMAS_412E371N_W	نهر الهرماس	نهر الهرماس	Nahr al-Hirmās	waters	Aqur	37.13080	41.24817	certain
BUHAYRAKHATUNIYYA_412E363N_W	بحيرة خاتونية	بحيرة خاتونية	Buḥayraŧ Ḫātūniyyaŧ	waters	Aqur	36.38728	41.25352	certain
TALLFARASHA_413E369N_S	تل فراشة	تل فراشة	Tall Farāšaŧ	villages	Aqur	36.98150	41.34352	certain
HISNKAYFA_414E377N_S	حصن كيفا	حصن كيفا	Ḥiṣn Kayfā	towns	Aqur	37.70021	41.42113	certain
WADISARBAT_414E380N_W	وادي صربط	وادي صربط، نهر صربط، صربط	Wādī Ṣarbaṭ	waters	Aqur	38.01078	41.49366	certain
NIHIYYA_415E343N_S	النهية	النهية	al-Nihiyyaŧ	towns	Aqur	34.39307	41.55670	certain
JIBAL_416E362N_S	الجبال	الجبال، عين الجبال	al-Ǧibāl	towns	Aqur	36.23740	41.62102	certain
ARZAN_416E379N_S	أرزن	أرزن	Arzan	villages	Aqur	37.97890	41.65964	certain
ADHRAMA_417E369N_S	أذرمة	أذرمة	Aḏramaŧ	towns	Aqur	36.99109	41.72002	certain
TALLFAFAN_417E377N_S	تل فافان	تل فافان، عين تل فافان	Tall Fāfān	towns	Aqur	37.72559	41.78238	certain
SINJAR_418E363N_S	سنجار	سنجار	Sinǧār	towns	Aqur	36.32446	41.89101	certain
TANZA_419E377N_S	طنزة	طنزة	Ṭanzaŧ	villages	Aqur	37.78735	41.91628	certain
ANA_419E344N_S	عانة	عانة	ʿĀnaŧ	towns	Aqur	34.43481	41.95904	certain
NAHRRAZB_419E378N_W	نهر الرزب	نهر الرزب، الرزم، الزرم	Nahr al-Razb	waters	Aqur	37.88869	41.97905	certain
DIYARRABIA_419E366N_R	ديار ربيعة	ديار ربيعة	Diyār Rabīʿaŧ	regions	Aqur	36.65368	41.99451	certain
BARQAID_420E369N_S	برقعيد	برقعيد	Barqaʿīd	towns	Aqur	36.95274	42.07551	certain
BADLIS_421E383N_S	بدليس	بدليس، بدليس	Badlīs	towns	Aqur	38.39550	42.13266	certain
FUHAYMA_421E342N_S	الفحيمة	الفحيمة	al-Fuḥaymaŧ	villages	Aqur	34.23688	42.18317	certain
JAZIRAIBNUMAR_421E372N_S	جزيرة إبن عمر	جزيرة إبن عمر	Ǧazīraŧ Ibn ʿUmar	villages	Aqur	37.28521	42.19943	certain
HADITHA_423E341N_S	الحديثة	الحديثة	al-Ḥadīṯaŧ	towns	Aqur	34.10682	42.38707	certain
ALUS_424E339N_S	آلوس	آلوس، آلوسا	Ālūs	towns	Aqur	33.98559	42.41353	certain
FAYSHABUR_424E370N_S	فيشابور	فيشابور	Fayšābūr	towns	Aqur	37.04735	42.43096	certain
BAAYNATHA_424E366N_S	باعيناثا	باعيناثا	Bāʿaynāṯā	towns	Aqur	36.66090	42.43701	certain
TALLAFAR_424E363N_S	تل أعفر	تل أعفر	Tall Aʿfar	towns	Aqur	36.36312	42.49401	certain
KHIZANA_425E339N_S	الخزانة	الخزانة	al-Ḫizānaŧ	waystations	Aqur	33.98430	42.50069	certain
JABALJUDI_425E373N_O	جبل الجودي	جبل الجودي	Ǧabal al-Ǧūdī	sites	Aqur	37.36064	42.51884	certain
MALAZKIRD_425E391N_S	ملازكرد	ملازكرد، ملازجرد، منازجرد	Malāzkird	towns	Rihab	39.14370	42.55713	certain
THAMANIN_426E373N_S	ثمانين	ثمانين	Ṯamānīn	towns	Aqur	37.31295	42.64158	certain
HADR_426E357N_S	الحضر	الحضر	al-Ḥaḍr	towns	Aqur	35.79513	42.69628	certain
HASANIYYA_427E371N_S	الحسنية	الحسنية	al-Ḥasaniyyaŧ	towns	Aqur	37.11078	42.72248	certain
BALAD_427E364N_S	بلد	بلد	Balad	towns	Aqur	36.47417	42.75800	certain
MAHLABIYYA_427E362N_S	المحلبية	المحلبية	al-Maḥlabiyyaŧ	villages	Aqur	36.25676	42.76550	certain
KHABURHASANIYYA_428E370N_W	خابور الحسنية	خابور الحسنية	Ḫābūr al-Ḥasaniyyaŧ	waters	Aqur	37.06628	42.80477	certain
MALATHAYA_429E368N_S	معلثاية	معلثاية	Maʿlaṯāyaŧ	towns	Aqur	36.81597	42.96350	certain
SHAHHAJIYYA_429E362N_S	الشحاجية	الشحاجية	al-Šaḥḥāǧiyyaŧ	waystations	Aqur	36.27006	42.96650	certain
NAHRTHARTHAR_430E350N_W	نهر ثرثار	نهر ثرثار	Nahr Ṯarṯār	waters	Aqur	35.00028	43.04545	certain
MAZARII_430E366N_S	مزارعي	مزارعي	Mazāriʿī	villages	Aqur	36.63683	43.05500	certain
MAWSIL_431E363N_S	الموصل	الموصل	al-Mawṣil	capitals	Aqur	36.32809	43.12700	certain
NINAWA_431E363N_S	نينوى	نينوى، نونوا	Nīnawá	towns	Aqur	36.35104	43.17500	certain
MARJJUHAYNA_432E361N_S	مرج جهينة	مرج جهينة، مر جهينة	Marǧ Ǧuhaynaŧ	towns	Aqur	36.14235	43.26652	certain
BAQIA_433E356N_S	البقيعة	البقيعة	al-Baqīʿaŧ	waystations	Aqur	35.62554	43.32428	certain
BAASHIQA_433E364N_S	باعشيقا	باعشيقا	Bāʿašīqā	villages	Aqur	36.41022	43.36699	certain
HADITHA_433E360N_S	الحديثة	الحديثة	al-Ḥadīṯaŧ	towns	Aqur	36.02054	43.39249	certain
NAHRDIJLA_436E346N_W	نهر دجلة	نهر دجلة	Nahr Diǧlaŧ	waters	Aqur	34.69499	43.60422	certain
ZABKABIR_438E363N_W	زاب الكبير	زاب الكبير، زاب الأعلى	Zāb al-Kabīr	waters	Aqur	36.37520	43.87398	certain
ZABSAGHIR_441E356N_W	زاب الصغير	زاب الصغير، زاب الأسفل	Zāb al-Ṣaġīr	waters	Aqur	35.64182	44.10965	certain
NAHRFURAT_412E344N_W	نهر الفرات	نهر الفرات	Nahr al-Furāt	waters	Aqur	34.45727	41.21428	certain
TABUK_365E283N_S	تبوك	تبوك	Tabūk	towns	Badiyat al-Arab	28.37114	36.50620	certain
UBAYR_367E307N_S	أبير	أبير، وبير	Ubayr	waystations	Badiyat al-Arab	30.73317	36.70106	certain
ANAK_367E323N_S	الأعنك	الأعنك	al-Aʿnak	waystations	Badiyat al-Arab	32.31179	36.79381	certain
AZRAQ_368E318N_S	الأزرق	الأزرق	al-Azraq	waystations	Badiyat al-Arab	31.84612	36.87768	certain
AWNID_369E316N_S	العونيد	العونيد	al-ʿAwnīd	waystations	Badiyat al-Arab	31.64055	36.92899	certain
MUHDATHA_371E315N_S	المحدثة	المحدثة	al-Muḥdaṯaŧ	waystations	Badiyat al-Arab	31.51278	37.15494	certain
JUNAYNA_371E279N_S	الجنينة	الجنينة	al-Ǧunaynaŧ	waystations	Badiyat al-Arab	27.92136	37.19786	certain
BAQIA_373E322N_S	البقيعة	البقيعة	al-Baqīʿaŧ	waystations	Badiyat al-Arab	32.21167	37.32662	certain
GHURRABA_373E313N_S	الغربة	الغربة	al-Ġurrabaŧ	towns	Badiyat al-Arab	31.36925	37.34142	certain
AJWALI_374E298N_S	الأجولي	الأجولي	al-Aǧwalī	waystations	Badiyat al-Arab	29.87858	37.43170	certain
MUHDATHA_374E277N_S	المحدثة	المحدثة	al-Muḥdaṯaŧ	waystations	Badiyat al-Arab	27.73026	37.46327	certain
NABK_374E312N_S	النبك	النبك	al-Nabk	waystations	Badiyat al-Arab	31.21242	37.46475	certain
QURAKIR_377E313N_S	قراكر	قراكر، قراقر	Qurākir	waystations	Badiyat al-Arab	31.32585	37.75187	certain
AQRA_378E271N_S	الأقراع	الأقراع	al-Aqrāʿ	waystations	Badiyat al-Arab	27.15186	37.83126	certain
SUWA_378E337N_S	سوى	سوى	Suwá	waystations	Badiyat al-Arab	33.72767	37.85153	certain
THAJR_378E288N_S	ثجر	ثجر	Ṯaǧr	waystations	Badiyat al-Arab	28.87521	37.89149	certain
BATNSIRR_379E308N_R	بطن السر	بطن السر	Baṭn al-Sirr	regions	Badiyat al-Arab	30.86285	37.96500	certain
SAIDA_379E321N_S	الساعدة	الساعدة	al-Sāʿidaŧ	waystations	Badiyat al-Arab	32.13274	37.98572	certain
JARBA_381E304N_S	الجربا	الجربا، الجربى	al-Ǧarbā	waystations	Badiyat al-Arab	30.48436	38.12681	certain
TAYMA_385E275N_S	تيماء	تيماء	Taymāʾ	towns	Badiyat al-Arab	27.58081	38.52000	certain
RAWARA_386E320N_S	الروارى	الروارى، الدوارى	al-Rawārá	waystations	Badiyat al-Arab	32.03911	38.64087	certain
ARFAJA_386E299N_S	عرفجاء	عرفجاء	ʿArfaǧāʾ	waystations	Badiyat al-Arab	29.99999	38.67294	certain
MUKHRI_387E290N_S	مخري	مخري	Muḫrī	waystations	Badiyat al-Arab	29.01767	38.70747	certain
UJAYFIR_387E316N_S	الأجيفر	الأجيفر	al-Uǧayfir	waystations	Badiyat al-Arab	31.65819	38.71981	certain
QULUFI_395E321N_S	القلوفي	القلوفي، العلوي	al-Qulūfī	waystations	Badiyat al-Arab	32.14778	39.59203	certain
KHAFIYYA_396E319N_S	الخفية	الخفية	al-Ḫafiyyaŧ	waystations	Badiyat al-Arab	31.99770	39.67590	certain
HASHIYYA_398E314N_S	الحشية	الحشية	al-Ḥašiyyaŧ	waystations	Badiyat al-Arab	31.43199	39.82192	certain
DAWMAJANDAL_398E297N_S	دومة الجندل	دومة الجندل	Dawmaŧ al-Ǧandal	villages	Badiyat al-Arab	29.75959	39.87767	certain
JUBBA_401E318N_S	الجبة	الجبة، المحنة	al-Ǧubbaŧ	waystations	Badiyat al-Arab	31.84948	40.18305	certain
KHATTA_407E316N_S	الخطى	الخطى	al-Ḫaṭṭá	waystations	Badiyat al-Arab	31.64853	40.70599	certain
KHANFAS_407E314N_S	الخنفس	الخنفس، الحنفس، الجنفس	al-Ḫanfas	waystations	Badiyat al-Arab	31.48039	40.76716	certain
KHALAT_413E320N_S	الخلاط	الخلاط	al-Ḫalāṭ	waystations	Badiyat al-Arab	32.07507	41.37298	certain
JAM_414E316N_S	الجمع	الجمع	al-Ǧamʿ	waystations	Badiyat al-Arab	31.67372	41.46573	certain
QURAY_417E315N_S	القراي	القراي	al-Qurāy	waystations	Badiyat al-Arab	31.51068	41.79330	certain
WADITAYY_419E270N_R	وادي طي	وادي طي	Wādī Ṭayy	sites	Badiyat al-Arab	27.05571	41.94575	certain
HUSA_420E317N_S	الحسى	الحسى، الجسى	al-Ḥusá	waystations	Badiyat al-Arab	31.70731	42.07352	certain
MANHAB_422E272N_R	المنهب	المنهب	al-Manhab	sites	Badiyat al-Arab	27.27430	42.21215	certain
AKHDAMIYYA_422E322N_S	الأخدمية	الأخدمية	al-Aḫdamiyyaŧ	waystations	Badiyat al-Arab	32.28927	42.23928	certain
SALMA_423E272N_R	سلما	سلما	Salmā	regions	Badiyat al-Arab	27.24360	42.35028	certain
ABYAD_424E318N_S	الأبيض	الأبيض	al-Abyaḍ	waystations	Badiyat al-Arab	31.86163	42.45438	certain
FAYD_425E270N_S	فيد	فيد	Fayd	towns	Badiyat al-Arab	27.06977	42.50815	certain
NAHIT_428E314N_S	النحيت	النحيت	al-Naḥīt	waystations	Badiyat al-Arab	31.49890	42.85300	certain
AJFUR_429E274N_S	الأجفر	الأجفر	al-Aǧfur	waystations	Badiyat al-Arab	27.44255	42.97781	certain
KHUZAYMIYYA_431E279N_S	الخزيمية	الخزيمية	al-Ḫuzaymiyyaŧ	waystations	Badiyat al-Arab	27.91046	43.13666	certain
THALABIYYA_431E282N_S	الثعلبية	الثعلبية	al-Ṯaʿlabiyyaŧ	waystations	Badiyat al-Arab	28.29472	43.16528	certain
BITAN_432E287N_S	بطان	بطان، قبر العدادي	Biṭān	waystations	Badiyat al-Arab	28.74899	43.27579	certain
SHUQUQ_434E290N_S	الشقوق	الشقوق	al-Šuqūq	waystations	Badiyat al-Arab	29.08495	43.41491	certain
ZUBALA_435E294N_S	زبالة	زبالة	Zubālaŧ	waystations	Badiyat al-Arab	29.40521	43.56390	certain
QA_436E297N_S	القاء	القاء	al-Qāʾ	waystations	Badiyat al-Arab	29.78571	43.61126	certain
AQABA_436E300N_S	العقبة	العقبة	al-ʿAqabaŧ	waystations	Badiyat al-Arab	30.09074	43.61471	certain
WAQISA_437E305N_S	واقسة	واقسة	Wāqisaŧ	waystations	Badiyat al-Arab	30.55363	43.77652	certain
QARA_438E308N_S	قرعاء	قرعاء	Qarʿāʾ	waystations	Badiyat al-Arab	30.87576	43.81303	certain
QUTQUTANA_438E319N_S	القطقطانة	القطقطانة	al-Quṭquṭānaŧ	waystations	Badiyat al-Arab	31.93660	43.82290	certain
QARYATAYN_439E260N_S	القريتين	القريتين	al-Qaryatayn	waystations	Badiyat al-Arab	26.08634	43.92995	certain
RUHAYMA_439E318N_S	الرهيمة	الرهيمة	al-Ruhaymaŧ	waystations	Badiyat al-Arab	31.85995	43.95117	certain
HABIR_439E284N_R	الهبير	الهبير	al-Habīr	regions	Badiyat al-Arab	28.46139	43.99014	certain
MUGHITHA_440E311N_S	المغيثة	المغيثة	al-Muġīṯaŧ	waystations	Badiyat al-Arab	31.10097	44.00938	certain
UDHAYB_441E314N_S	الأذيب	الأذيب	al-Uḏayb	villages	Badiyat al-Arab	31.49049	44.13666	certain
NIBAJ_444E263N_S	النباج	النباج	al-Nibāǧ	waystations	Badiyat al-Arab	26.35812	44.45181	certain
HAFARABUMUSA_459E284N_S	حفر أبو موسى	حفر أبو موسى	Ḥafar Abū Mūsá	waystations	Badiyat al-Arab	28.41584	45.92797	certain
QABIS_100E338N_S	قابس	قابس	Qābis	towns	Barqa	33.86603	10.08563	certain
FAWWARA_105E335N_S	الفوارة	الفوارة	al-Fawwāraŧ	waystations	Barqa	33.55129	10.50881	certain
BARJAMT_116E330N_S	بارجمت	بارجمت، أبار دخت	Bārǧamt	waystations	Barqa	33.05675	11.63847	certain
SABRA_124E327N_S	صبرة	صبرة	Ṣabraŧ	towns	Barqa	32.78822	12.48146	certain
ATRABULUS_131E328N_S	أطرابلس	أطرابلس، طرابلس	Aṭrābulus	towns	Barqa	32.87801	13.19209	certain
WADIRAML_135E327N_S	وادي الرمل	وادي الرمل	Wādī al-Raml	waystations	Barqa	32.73756	13.57504	certain
ZAWILA_147E257N_S	زويلة	زويلة، زويلة بن الخطاب	Zawīlaŧ	villages	Barqa	25.78099	14.78841	certain
TAWARGHA_148E319N_S	تورغة	تورغة	Tawarġaŧ	villages	Barqa	31.98024	14.86251	certain
QUSURHASSAN_158E312N_S	قصور حسان	قصور حسان	Quṣūr Ḥassān	waystations	Barqa	31.25883	15.87924	certain
MAGHMADASH_162E311N_S	مغمداش	مغمداش	Maġmadāš	waystations	Barqa	31.19302	16.22169	certain
WADDAN_162E289N_S	ودان	ودان	Waddān	villages	Barqa	28.96493	16.28326	certain
QARYATAYN_164E311N_O	القريتين	القريتين	al-Qaryatayn	sites	Barqa	31.18315	16.44486	certain
SURT_166E310N_S	سرت	سرت	Surt	towns	Barqa	31.09917	16.60839	certain
QASRIBADI_172E309N_S	قصر العبادي	قصر العبادي، قبر العبادي	Qaṣr al-ʿIbādī	waystations	Barqa	30.94914	17.29329	certain
YAHUDIYYATAYN_177E307N_S	اليهوديتين	اليهوديتين	al-Yahūdiyyatayn	waystations	Barqa	30.77615	17.72231	certain
QASRATISH_181E305N_S	قصر العطش	قصر العطش	Qaṣr al-ʿAṭiš	waystations	Barqa	30.54115	18.19751	certain
SABKHAMANHUSHA_186E297N_R	سبخة منهوشا	سبخة منهوشا	Sabḫaŧ Manhūšā	regions	Barqa	29.78891	18.63423	certain
BARNIQ_200E321N_S	برنيق	برنيق	Barnīq	towns	Barqa	32.11419	20.08482	certain
AJDABIYYA_202E304N_S	أجدابية	أجدابية	Aǧdābiyyaŧ	towns	Barqa	30.46697	20.20218	certain
SULUQ_202E314N_S	سلوق	سلوق	Sulūq	waystations	Barqa	31.40180	20.24835	certain
BARQA_208E323N_S	برقة	برقة	Barqaŧ	capitals	Barqa	32.37576	20.84475	certain
BARQA_208E323N_R	برقة	برقة	Barqaŧ	regions	Barqa	32.37576	20.84475	certain
AWJILA_212E289N_S	أوجلة	أوجلة	Awǧilaŧ	villages	Barqa	28.95651	21.21413	certain
HALIMAN_222E327N_S	حليمان	حليمان، جب حليمان	Ḥalīmān	waystations	Barqa	32.77902	22.20300	certain
WADIMAKHIL_226E322N_W	وادي مخيل	وادي مخيل	Wādī Maḫīl	waters	Barqa	32.26480	22.62048	certain
JUBBMAYDAN_233E321N_S	جب الميدان	جب الميدان، جب الميدعان	Ǧubb al-Maydān	waystations	Barqa	32.18179	23.31692	certain
JIYADSAGHIR_239E319N_S	جياد الصغير	جياد الصغير	Ǧiyād al-Ṣaġīr	waystations	Barqa	31.99027	23.96719	certain
HAYYABDALLAH_244E318N_S	حي عبد الله	حي عبد الله	Ḥayy ʿAbd Allãh	waystations	Barqa	31.87271	24.49433	certain
MARJSHAYKH_248E316N_S	مرج الشيخ	مرج الشيخ	Marǧ al-Šayḫ	waystations	Barqa	31.67644	24.83486	certain
AQABA_251E314N_S	العقبة	العقبة	al-ʿAqabaŧ	waystations	Barqa	31.42889	25.18308	certain
KHARAIBABUHALIMA_255E314N_S	خرائب أبو حليمة	خرائب أبو حليمة	Ḫarāʾib Abū Ḥalīmaŧ	waystations	Barqa	31.41576	25.51014	certain
KHIRBAQAWM_261E313N_S	خربة القوم	خربة القوم	Ḫirbaŧ al-Qawm	waystations	Barqa	31.35376	26.11423	certain
QASRSHAMMAS_263E313N_S	قصر الشماس	قصر الشماس	Qaṣr al-Šammās	waystations	Barqa	31.32418	26.37011	certain
SIKKAHAMMAM_267E311N_S	سكة الحمام	سكة الحمام	Sikkaŧ al-Ḥammām	waystations	Barqa	31.19426	26.77604	certain
JUBBAWSAJ_273E310N_S	جب العوسج	جب العوسج	Ǧubb al-ʿAwsaǧ	waystations	Barqa	31.04479	27.30318	certain
RAMADA_276E310N_S	رمادة	رمادة	Ramādaŧ	towns	Barqa	31.02336	27.61485	certain
KANAISHADID_279E309N_S	كنائس الحديد	كنائس الحديد، كنائس الحرير	Kanāʾis al-Ḥadīd	waystations	Barqa	30.91449	27.94768	certain
TAHUNA_283E308N_S	الطحونة	الطحونة	al-Ṭaḥūnaŧ	waystations	Barqa	30.84844	28.30167	certain
HANIYYARUM_288E308N_S	حنية الروم	حنية الروم، قصور الروم	Ḥaniyyaŧ al-Rūm	waystations	Barqa	30.80549	28.85190	certain
DHATHUMAM_293E308N_S	ذات الحمام	ذات الحمام، ذات الحمام	Ḏāt al-Ḥumām	towns	Barqa	30.86496	29.30208	certain
GHADAMIS_094E301N_S	غدامس	غدامس	Ġadāmis	towns	Barqa	30.12935	9.47597	certain
BARWAN_485E375N_S	بروان	بروان	Barwān	towns	Daylam	37.57057	48.55981	certain
NAHRISBIDHRUDH_488E369N_W	نهر إسبيذروذ	نهر إسبيذروذ، نهر سبيذروذ	Nahr Isbīḏrūḏ	waters	Daylam	36.97532	48.83940	certain
KUHANRUDH_490E377N_S	كهنروذ	كهنروذ	Kuhanrūḏ	waystations	Daylam	37.79153	49.00372	certain
KHASHM_491E374N_S	خشم	خشم	Ḫašm	towns	Daylam	37.48626	49.18674	certain
JIL_496E371N_R	جيل	جيل، جيلان	Ǧīl	regions	Daylam	37.13924	49.65635	certain
NAHRISBIDHRUDH_496E369N_W	نهر إسبيذروذ	نهر إسبيذروذ، نهر سبيذروذ	Nahr Isbīḏrūḏ	waters	Daylam	36.93549	49.67893	certain
NAHRTALAQANRUDH_501E365N_W	نهر طالقانروذ	نهر طالقانروذ	Nahr Ṭālaqānrūḏ	waters	Daylam	36.52902	50.19216	certain
DAYLAMAN_505E366N_R	ديلمان	ديلمان، الديلم	Daylamān	regions	Daylam	36.69592	50.52548	certain
TALAQAN_508E361N_R	طلقان	طلقان	Ṭalaqān	regions	Daylam	36.18658	50.84322	certain
TALAQAN_508E361N_S	طلقان	طلقان	Ṭalaqān	towns	Daylam	36.18658	50.84322	certain
KALAR_510E364N_S	كلار	كلار	Kalār	towns	Daylam	36.49897	51.07686	certain
SAIDABADH_513E363N_S	سعيداباذ	سعيداباذ	Saʿīdābāḏ	towns	Daylam	36.39749	51.35722	certain
SHALUS_514E366N_S	شالوس	شالوس، سالوس	Šālūs	towns	Daylam	36.60408	51.45535	certain
JABALRUBANJ_516E360N_O	جبل روبنج	جبل روبنج، رينج	Ǧabal Rūbanǧ	sites	Daylam	36.03180	51.63759	certain
RUYAN_517E363N_R	الرويان	الرويان	al-Rūyān	regions	Daylam	36.36237	51.71080	certain
RUYAN_517E363N_S	الرويان	الرويان	al-Rūyān	towns	Daylam	36.36237	51.71080	certain
AFRIDHIN_517E354N_S	أفريذين	أفريذين	Afrīḏīn	villages	Daylam	35.42345	51.77466	certain
NATIL_519E364N_S	ناتل	ناتل	Nātil	towns	Daylam	36.47768	51.91951	certain
NAMAHAND_519E357N_S	نامهند	نامهند	Nāmahand	waystations	Daylam	35.72749	51.92730	certain
KAHDA_520E353N_S	كهدة	كهدة، كهندة، كسب	Kahdaŧ	waystations	Daylam	35.31676	52.04412	certain
SHALANBA_520E356N_S	شلنبة	شلنبة	Šalanbaŧ	towns	Daylam	35.68449	52.04723	certain
BALUR_520E358N_S	بلور	بلور، بلور	Balūr	waystations	Daylam	35.81911	52.06670	certain
ASAK_522E358N_S	أسك	أسك، أشك	Asak	waystations	Daylam	35.87340	52.21623	certain
ALHAM_522E365N_S	ألهم	ألهم	Alham	towns	Daylam	36.56405	52.23414	certain
KHUWAR_524E352N_S	الخوار	الخوار	al-Ḫuwār	towns	Daylam	35.26209	52.40859	certain
AMUL_524E364N_S	آمل	آمل	Āmul	capitals	Daylam	36.42256	52.40859	certain
MILA_525E364N_S	ميلة	ميلة	Mīlaŧ	towns	Daylam	36.47080	52.55267	certain
JABALQARIN_525E360N_O	جبل قارين	جبل قارين	Ǧabal Qārīn	sites	Daylam	36.01794	52.55968	certain
TABARISTAN_526E363N_R	طبرستان	طبرستان	Ṭabaristān	regions	Daylam	36.34732	52.60329	certain
QARYAMILH_526E352N_S	قرية الملح	قرية الملح	Qaryaŧ al-Milḥ	villages	Daylam	35.26209	52.63600	certain
MAMATIR_527E365N_S	مامطير	مامطير	Māmaṭīr	towns	Daylam	36.51713	52.74659	certain
SHIHMAR_528E361N_S	شهمار	شهمار، سهمار	Šihmār	towns	Daylam	36.16111	52.86652	certain
FADUSBAN_529E356N_R	فادوسبان	فادوسبان، قادوستان، قادوسيان	Fādūsbān	regions	Daylam	35.61266	52.96387	certain
RASKALB_530E353N_S	رأس الكلب	رأس الكلب	Raʾs al-Kalb	villages	Daylam	35.37647	53.07601	certain
SIMNAN_534E354N_S	سمنان	سمنان	Simnān	towns	Daylam	35.49513	53.40856	certain
MIHRAWAN_536E366N_S	مهروان	مهروان	Mihrawān	villages	Daylam	36.68468	53.69593	certain
RIBATALIYYABADH_537E357N_S	ريباط علياباذ	ريباط علياباذ	Rībāṭ ʿAliyyābāḏ	waystations	Daylam	35.74424	53.73487	certain
JARMJUWI_540E359N_S	جرمجوي	جرمجوي	Ǧarmǧuwī	waystations	Daylam	35.97336	54.04249	certain
ABASKUN_540E370N_S	آبسكون	آبسكون	Ābaskūn	towns	Daylam	37.02772	54.04327	certain
TAMISHA_540E367N_S	طميشة	طميشة، طميسة	Ṭamīšaŧ	towns	Daylam	36.73120	54.05573	certain
QUMIS_541E361N_R	قومس	قومس	Qūmis	regions	Daylam	36.11206	54.13205	certain
NAMIYA_543E367N_S	نامية	نامية	Nāmiyaŧ	towns	Daylam	36.77488	54.32519	certain
DAMGHAN_543E361N_S	الدمغان	الدمغان	al-Damġān	capitals	Daylam	36.13093	54.37503	certain
ASTARABADH_544E367N_S	أستارباذ	أستارباذ	Astārabāḏ	towns	Daylam	36.78860	54.47005	certain
RIBATALI_545E372N_S	رباط علي	رباط علي	Ribāṭ ʿAlī	waystations	Daylam	37.22611	54.51366	certain
RIBATDIHISTAN_546E382N_S	رباط دهستان	رباط دهستان	Ribāṭ Dihistān	waystations	Daylam	38.26671	54.61471	certain
BAYLAMAK_547E378N_S	بيلمك	بيلمك، سلمك	Baylamak	waystations	Daylam	37.88855	54.72705	certain
RIBATAMIR_547E375N_S	رباط الأمير	رباط الأمير	Ribāṭ al-Amīr	waystations	Daylam	37.58399	54.76443	certain
HADDADA_548E362N_S	الحدادة	الحدادة	al-Ḥaddādaŧ	villages	Daylam	36.28520	54.80181	certain
RIBATHAFS_548E368N_S	رباط حفص	رباط حفص	Ribāṭ Ḥafṣ	waystations	Daylam	36.81760	54.88904	certain
JURJAN_549E373N_R	جرجان	جرجان	Ǧurǧān	regions	Daylam	37.33269	54.99028	certain
BISTAM_550E364N_S	بسطام	بسطام	Bisṭām	towns	Daylam	36.45952	55.07205	certain
BADHASH_551E363N_S	بذش	بذش	Baḏaš	waystations	Daylam	36.33289	55.17875	certain
SHAHRASTAN_552E371N_S	شهرستان	شهرستان، جرجان	Šahrastān	metropoles	Daylam	37.19091	55.20600	certain
ZIRADABADH_553E366N_S	زرداباذ	زرداباذ، زرداباذ	Ziradābāḏ	waystations	Daylam	36.65798	55.30802	certain
NAHRKHURMARUDH_553E370N_W	نهر خرماروذ	نهر خرماروذ	Nahr Ḫurmārūḏ	waters	Daylam	37.06455	55.38357	certain
DIHISTAN_556E390N_R	دهستان	دهستان	Dihistān	regions	Daylam	39.09457	55.63466	certain
MURJAN_556E363N_S	المرجان	المرجان	al-Murǧān	waystations	Daylam	36.39341	55.67094	certain
AKHUR_557E391N_S	آخر	آخر	Āḫur	capitals	Daylam	39.19825	55.71277	certain
BIYAR_558E360N_S	بيار	بيار	Biyār	towns	Daylam	36.05824	55.86992	certain
DINAZARI_559E375N_S	دينازاري	دينازاري	Dīnāzārī	waystations	Daylam	37.57458	55.99881	certain
HAFDAR_561E363N_S	هفدر	هفدر	Hafdar	waystations	Daylam	36.36629	56.13276	certain
AJGH_569E375N_S	أجغ	أجغ	Aǧġ	villages	Daylam	37.51437	56.95205	certain
RIBATABUSAHL_574E401N_S	رباط أبو سهل	رباط أبو سهل	Ribāṭ Abū Sahl	waystations	Daylam	40.18649	57.45149	certain
FARFARUN_282E269N_R	فرفارون	فرفارون	Farfārūn	regions	Egypt	26.96368	28.20107	certain
DAKHILA_287E255N_R	الداخلة	الداخلة	al-Dāḫilaŧ	regions	Egypt	25.54178	28.73902	certain
QASR_288E256N_S	القصر	القصر	al-Qaṣr	villages	Egypt	25.67032	28.83405	certain
BANHASA_288E282N_S	بنهسى	بنهسى	Banhasá	villages	Egypt	28.28725	28.83711	certain
QALAMUN_289E254N_S	قلمون	قلمون	Qalamūn	villages	Egypt	25.44771	28.92294	certain
WAHAT_294E265N_R	الواحات	الواحات	al-Wāḥāt	regions	Egypt	26.52400	29.46855	certain
BUMINA_297E309N_S	بومينة	بومينة، بومينى	Būmīnaŧ	waystations	Egypt	30.93264	29.71572	certain
ISKANDARIYYA_299E311N_S	الإسكندرية	الإسكندرية	al-Iskandariyyaŧ	capitals	Egypt	31.19490	29.90981	certain
BUHAYRAMARYUT_299E311N_W	بحيرة مريوط	بحيرة مريوط	Buḥayraŧ Maryūṭ	waters	Egypt	31.12142	29.91455	certain
KARYUN_301E311N_S	الكريون	الكريون، كريون	al-Karyūn	towns	Egypt	31.14286	30.13142	certain
KHALIJISKANDARIYYA_301E311N_W	خليج الإسكندرية	خليج الإسكندرية	Ḫalīǧ al-Iskandariyyaŧ	waters	Egypt	31.10144	30.15818	certain
JANADIL_302E196N_O	الجنادل	الجنادل	al-Ǧanādil	sites	Egypt	19.63029	30.25325	certain
BAHRRUM_302E322N_W	بحر الروم	بحر الروم	Baḥr al-Rūm	waters	Egypt	32.20303	30.28697	certain
BARSIQ_302E310N_S	برسيق	برسيق	Barsīq	towns	Egypt	31.08146	30.29934	certain
MALIDAS_303E312N_R	المليداس	المليداس، المليدس	al-Malīdās	regions	Egypt	31.24231	30.37989	certain
RASHID_303E314N_S	رشيد	رشيد	Rašīd	towns	Egypt	31.41298	30.37989	certain
HAWFGHARBI_304E307N_R	الحوف الغربي	الحوف الغربي	al-Ḥawf al-Ġarbī	regions	Egypt	30.75268	30.43738	certain
QARTASA_304E310N_S	قرطسا	قرطسا	Qarṭasā	villages	Egypt	31.05659	30.44108	certain
DAYRUT_304E312N_S	ديروط	ديروط	Dayrūṭ	towns	Egypt	31.25059	30.44535	certain
DAMANHUR_304E310N_S	دمنهور	دمنهور	Damanhūr	towns	Egypt	31.03855	30.45872	certain
BALHIB_304E312N_S	بلهيب	بلهيب	Balhīb	towns	Egypt	31.28513	30.46299	certain
SANBADHA_304E311N_S	سنباذة	سنباذة	Sanbāḏaŧ	towns	Egypt	31.19071	30.47267	certain
SANDIYUN_304E312N_S	سنديون	سنديون	Sandiyūn	villages	Egypt	31.25387	30.47608	certain
MASIL_304E311N_R	مصيل	مصيل	Maṣīl	regions	Egypt	31.11959	30.47836	certain
FISHA_304E311N_S	فيشة	فيشة	Fīšaŧ	villages	Egypt	31.13129	30.49999	certain
BAYRIS_305E245N_S	بيريس	بيريس	Bayrīs	towns	Egypt	24.59152	30.50461	certain
FUWA_305E312N_S	فوة	فوة	Fuwaŧ	towns	Egypt	31.22370	30.50654	certain
DANSHAL_305E309N_S	دنشال	دنشال	Danšāl	villages	Egypt	30.95938	30.51137	certain
KHARIJA_305E249N_R	الخارجة	الخارجة	al-Ḫāriǧaŧ	regions	Egypt	24.98738	30.51687	certain
BADAQUN_305E308N_R	البدقون	البدقون	al-Badaqūn	regions	Egypt	30.89835	30.52845	certain
SHIRAK_305E309N_R	الشراك	الشراك	al-Širāk	regions	Egypt	30.99062	30.57342	certain
MAHALLAABUKHURASHA_306E310N_S	محلة أبو خراشة	محلة أبو خراشة	Maḥallaŧ Abū Ḫurāšaŧ	villages	Egypt	31.02501	30.61583	certain
IKHNA_306E314N_R	إخنا	إخنا	Iḫnā	regions	Egypt	31.46786	30.65681	certain
BAHNASA_306E286N_R	بهنسى	بهنسى	Bahnasá	regions	Egypt	28.60073	30.66449	certain
KHARIBTA_306E307N_R	خربتا	خربتا	Ḫaribtā	regions	Egypt	30.75281	30.66535	certain
FARNWA_306E309N_S	فرنوة	فرنوة	Farnwaŧ	villages	Egypt	30.98720	30.66905	certain
TAHA_306E282N_S	طحا	طحا	Ṭaḥā	towns	Egypt	28.27313	30.69125	certain
SAFIYYA_306E310N_S	الصافية	الصافية	al-Ṣāfiyyaŧ	villages	Egypt	31.04306	30.69950	certain
FAYYUM_306E294N_S	الفيوم	الفيوم	al-Fayyūm	capitals	Egypt	29.43447	30.69978	certain
TANDA_307E277N_S	تندة	تندة	Tandaŧ	towns	Egypt	27.76484	30.70110	certain
DAYYAY_307E310N_S	دياي	دياي	Dayyāy	towns	Egypt	31.01916	30.70519	certain
MAHALLANUQAYDA_307E307N_S	محلة نقيدة	محلة نقيدة	Maḥallaŧ Nuqaydaŧ	villages	Egypt	30.78411	30.70804	certain
NASTARAWA_307E314N_S	نستراوة	نستراوة، نستراو	Nastarāwaŧ	towns	Egypt	31.48776	30.70804	certain
SANHUR_307E311N_S	سنهور	سنهور	Sanhūr	towns	Egypt	31.16283	30.70832	certain
SHABAS_307E310N_R	شباس	شباس	Šabās	regions	Egypt	31.08986	30.72312	certain
SHABUR_307E308N_S	شابور	شابور	Šābūr	villages	Egypt	30.80318	30.73365	certain
RAFIQA_307E306N_S	الرافقة	الرافقة	al-Rāfiqaŧ	villages	Egypt	30.69470	30.73593	certain
DUNQALA_307E180N_S	دنقلة	دنقلة، دنقلة، دمقلة	Dunqalaŧ	towns	Egypt	18.04347	30.73756	certain
SA_307E309N_S	صاء	صاء	Ṣāʾ	villages	Egypt	30.95914	30.73849	certain
USHMUNAYN_307E278N_S	الأشمونين	الأشمونين	al-Ušmūnayn	towns	Egypt	27.85616	30.75576	certain
KUMSHARIK_307E306N_S	كوم شريك	كوم شريك	Kūm Šarīk	waystations	Egypt	30.63742	30.75642	certain
BABIJ_307E308N_S	ببيج	ببيج	Babīǧ	towns	Egypt	30.87466	30.75642	certain
QAYS_307E285N_S	القيس	القيس	al-Qays	towns	Egypt	28.52624	30.78687	certain
BISTAMA_307E306N_S	بستامة	بستامة	Bistāmaŧ	towns	Egypt	30.62076	30.78887	certain
TANUB_307E306N_S	طنوب	طنوب، طنوب	Ṭanūb	villages	Egypt	30.67267	30.78944	certain
IKHNA_307E315N_S	إخنا	إخنا، أجنا	Iḫnā	towns	Egypt	31.51979	30.79000	certain
BUHAYRABURULLUS_308E314N_W	بحيرة البرلس	بحيرة البرلس	Buḥayraŧ al-Burullus	waters	Egypt	31.45960	30.80708	certain
TARNUT_308E304N_S	ترنوط	ترنوط	Tarnūṭ	villages	Egypt	30.40094	30.81078	certain
QULAYBUMMAL_308E308N_S	قليب العمال	قليب العمال	Qulayb al-`Ummāl	villages	Egypt	30.86818	30.82245	certain
TIDA_308E312N_R	تيدة	تيدة	Tīdaŧ	regions	Egypt	31.23866	30.82700	certain
FAYYUM_308E293N_R	الفيوم	الفيوم	al-Fayyūm	regions	Egypt	29.35921	30.84266	certain
ANSINA_308E279N_S	أنصنا	أنصنا	Anṣinā	towns	Egypt	27.90125	30.84685	certain
MAHALLASURAD_308E309N_S	محلة صرد	محلة صرد	Maḥallaŧ Ṣurad	villages	Egypt	30.96963	30.85120	certain
SUMUSTA_308E289N_S	سمسطا	سمسطا	Sumusṭā	towns	Egypt	28.96006	30.88762	certain
JURASIYYAT_308E303N_S	الجرسيات	الجرسيات	al-Ǧurasiyyāt	villages	Egypt	30.34164	30.89161	certain
AFRAHUN_309E311N_R	الأفراحون	الأفراحون	al-Afrāḥūn	regions	Egypt	31.19144	30.91239	certain
MANUF_309E304N_S	منوف	منوف	Manūf	towns	Egypt	30.45505	30.91950	certain
MAHALLAMAHRUM_309E307N_S	محلة المحروم	محلة المحروم	Maḥallaŧ al-Maḥrūm	towns	Egypt	30.79572	30.92349	certain
SAKHA_309E310N_S	صخا	صخا	Ṣaḫā	towns	Egypt	31.08645	30.92519	certain
FISHAIBNSULAYM_309E307N_S	فيشة إبن سليم	فيشة إبن سليم	Fīšaŧ Ibn Sulaym	villages	Egypt	30.76345	30.92633	certain
BUNDARIYYA_309E307N_S	البندارية	البندارية	al-Bundāriyyaŧ	towns	Egypt	30.72039	30.92804	certain
TUWWA_309E306N_S	طوة	طوة	Ṭuwwaŧ	villages	Egypt	30.68075	30.93316	certain
MARIS_309E203N_R	مريس	مريس	Marīs	regions	Egypt	20.35618	30.93987	certain
NAHRNIL_309E217N_W	نهر النيل	نهر النيل	Nahr al-Nīl	waters	Egypt	21.75496	30.94294	certain
MANUFULIYA_309E308N_R	منوف العليا	منوف العليا	Manūf al-ʿUliyā	regions	Egypt	30.87050	30.95223	certain
AHNAS_309E291N_S	أهناس	أهناس	Ahnās	towns	Egypt	29.13124	30.95992	certain
MISIR_309E310N_S	مسير	مسير	Misīr	villages	Egypt	31.05159	30.97785	certain
LAHUN_309E292N_S	اللاهون	اللاهون	al-Lāhūn	towns	Egypt	29.24901	30.99122	certain
BURULLUS_309E315N_S	برلس	برلس، برلس	Burullus	towns	Egypt	31.58612	30.99606	certain
NAHRNIL_310E288N_W	نهر النيل	نهر النيل	Nahr al-Nīl	waters	Egypt	28.89131	31.00602	certain
DHATSAHIL_310E302N_S	ذات الساحل	ذات الساحل	Ḏāt al-Sāḥil	waystations	Egypt	30.22134	31.01228	certain
MALIJ_310E305N_S	مليج	مليج	Malīǧ	towns	Egypt	30.58083	31.01342	certain
BATNRIF_310E308N_R	بطن الريف	بطن الريف	Baṭn al-Rīf	regions	Egypt	30.85291	31.02025	certain
SUBKABID_310E304N_S	سبك العبيد	سبك العبيد	Subk al-ʿAbīd	villages	Egypt	30.43271	31.05262	certain
SHATNUF_310E302N_S	شطنوف	شطنوف	Šaṭnūf	towns	Egypt	30.23314	31.06351	certain
TATA_310E306N_S	ططاء	ططاء	Ṭaṭāʾ	towns	Egypt	30.68760	31.08970	certain
TANTITA_311E302N_S	تنتيتا	تنتيتا، طنت	Tantītā	villages	Egypt	30.27628	31.10165	certain
DIJWA_311E303N_S	دجوة	دجوة	Diǧwaŧ	towns	Egypt	30.37013	31.10620	certain
BUSIR_311E292N_S	بوصير	بوصير، بوصير الفيوم، أبوصير، بوصير قوريدس، بوصير الأشمونين	Būṣīr	towns	Egypt	29.27633	31.10677	certain
WASIM_311E301N_S	وسيم	وسيم	Wasīm	towns	Egypt	30.12144	31.10905	certain
MAHALLAKABIRA_311E309N_S	محلة الكبيرة	محلة الكبيرة	Maḥallaŧ al-Kabīraŧ	towns	Egypt	30.97329	31.14662	certain
DALAS_311E292N_S	دلاص	دلاص، دلاص	Dalāṣ	towns	Egypt	29.21524	31.16142	certain
BANHAASAL_311E304N_S	بنها العسل	بنها العسل	Banhā al-ʿAsal	towns	Egypt	30.43641	31.16142	certain
SANDAFA_311E309N_S	صندفا	صندفا	Ṣandafā	towns	Egypt	30.96890	31.16426	certain
ATRIB_311E304N_R	أتريب	أتريب	Atrīb	regions	Egypt	30.45947	31.17223	certain
ATRIB_311E304N_S	أتريب	أتريب	Atrīb	towns	Egypt	30.45947	31.17223	certain
ASYUT_311E271N_S	أسيوط	أسيوط	Asyūṭ	towns	Egypt	27.17922	31.18485	certain
SARDUS_311E301N_S	سردوس	سردوس	Sardūs	towns	Egypt	30.16277	31.18645	certain
JIZA_312E300N_S	الجيزة	الجيزة	al-Ǧīzaŧ	towns	Egypt	30.00653	31.20183	certain
ZIFTAJAWAD_312E307N_S	زفتا جواد	زفتا جواد	Ziftā Ǧawād	towns	Egypt	30.70718	31.21094	certain
JAZIRA_312E300N_S	الجزيرة	الجزيرة	al-Ǧazīraŧ	quarters	Egypt	30.04436	31.21122	certain
DAMSIS_312E308N_R	دمسيس	دمسيس	Damsīs	regions	Egypt	30.82041	31.22403	certain
DAMSIS_312E308N_S	دمسيس	دمسيس	Damsīs	towns	Egypt	30.82041	31.22403	certain
BUTIJ_312E271N_S	بوتيج	بوتيج	Būtīǧ	towns	Egypt	27.10901	31.22681	certain
BASHARUD_312E312N_R	البشرود	البشرود	al-Bašarūd	regions	Egypt	31.28817	31.23342	certain
QAHIRA_312E300N_S	القاهرة	القاهرة	al-Qāhiraŧ	quarters	Egypt	30.05778	31.24168	certain
SHABRUWA_312E301N_S	شبروا	شبروا، شبرو	Šabruwā	towns	Egypt	30.11048	31.24225	certain
QASR_312E300N_S	القصر	القصر، باب أليون	al-Qaṣr	villages	Egypt	30.01540	31.24253	certain
SAMANNUD_312E309N_R	سمنود	سمنود	Samannūd	regions	Egypt	30.94986	31.24509	certain
FUSTAT_312E300N_S	فسطاط	فسطاط	Fusṭāṭ	metropoles	Egypt	30.04325	31.24964	certain
AWSIYA_312E311N_R	الأوسية	الأوسية	al-Awsiyaŧ	regions	Egypt	31.19181	31.25278	certain
MANF_312E298N_S	منف	منف، العزيزية	Manf	towns	Egypt	29.85447	31.25648	certain
SAHRAJAT_312E306N_S	صهرجات	صهرجات	Ṣahraǧāt	villages	Egypt	30.65235	31.26672	certain
NAWASA_312E309N_R	نوسا	نوسا	Nawasā	regions	Egypt	30.97866	31.28494	certain
HULWAN_312E298N_S	حلوان	حلوان	Ḥulwān	towns	Egypt	29.86015	31.29831	certain
ATFIH_312E294N_S	أطفيح	أطفيح	Aṭfīḥ	towns	Egypt	29.43347	31.29974	certain
AWISH_313E310N_S	أويش	أويش	Awīš	towns	Egypt	31.00708	31.30514	certain
AYNSHAMS_313E301N_S	عين شمس	عين شمس	ʿAyn Šams	towns	Egypt	30.12919	31.30770	certain
JABALMUQATTAM_313E300N_O	جبل مقطم	جبل مقطم	Ǧabal Muqaṭṭam	sites	Egypt	30.01368	31.31852	certain
DAMIRA_313E311N_S	دميرة	دميرة، دميرة	Damīraŧ	towns	Egypt	31.14140	31.35040	certain
MASHTUL_313E303N_S	مشتول	مشتول	Maštūl	towns	Egypt	30.36522	31.37174	certain
NATWAYA_313E306N_R	نطوية	نطوية، نطو الرمان	Naṭwayaŧ	regions	Egypt	30.69837	31.37316	certain
JUBBAMIRA_313E301N_O	جب عميرة	جب عميرة	Ǧubb ʿAmīraŧ	sites	Egypt	30.16070	31.38569	certain
QAW_314E269N_S	قو	قو، قهقاوة، قهقة	Qaw	villages	Egypt	26.94253	31.47498	certain
BASTA_314E305N_R	بسطة	بسطة	Basṭaŧ	regions	Egypt	30.56736	31.49925	certain
TUMAYY_315E309N_R	طمي	طمي	Ṭumayy	regions	Egypt	30.94376	31.51063	certain
GHAYFA_315E303N_S	غيفا	غيفا	Ġayfā	towns	Egypt	30.38241	31.51348	certain
TANA_315E310N_S	تنا	تنا	Tanā	towns	Egypt	31.04233	31.54194	certain
KHALIJSARDUS_315E311N_W	خليج سردوس	خليج سردوس	Ḫalīǧ Sardūs	waters	Egypt	31.11972	31.55816	certain
BILBAYS_315E304N_S	بلبيس	بلبيس	Bilbays	capitals	Egypt	30.41776	31.57097	certain
HAWFSHARQI_315E305N_R	الحوف الشرقي	الحوف الشرقي	al-Ḥawf al-Šarqī	regions	Egypt	30.59137	31.57495	certain
BUWAYB_315E301N_S	بويب	بويب	Buwayb	waystations	Egypt	30.16955	31.57979	certain
BALADNUBA_316E197N_R	بلد النوبة	بلد النوبة	Balad al-Nūbaŧ	regions	Egypt	19.72554	31.60503	certain
DAYR_316E265N_R	الدير	الدير، دير بو شنودة	al-Dayr	regions	Egypt	26.54490	31.60625	certain
QURBAYT_316E307N_R	قربيت	قربيت	Qurbayt	regions	Egypt	30.73556	31.62447	certain
FAW_316E266N_S	فاو	فاو	Fāw	villages	Egypt	26.69354	31.64900	certain
KHALIJDAQADUS_316E309N_W	خليج دقادوس	خليج دقادوس	Ḫalīǧ Daqādūs	waters	Egypt	30.93839	31.65521	certain
DAQAHLA_316E312N_S	دقهلة	دقهلة	Daqahlaŧ	towns	Egypt	31.28355	31.66289	certain
ABBASIYYA_317E305N_S	العباسية	العباسية	al-ʿAbbāsiyyaŧ	towns	Egypt	30.53647	31.70644	certain
AKHMIM_317E265N_S	أخميم	أخميم	Aḫmīm	towns	Egypt	26.56301	31.72957	certain
ATRABIYYA_317E307N_R	أطربية	أطربية	Aṭrabiyyaŧ	regions	Egypt	30.70963	31.74628	certain
DIMYAT_317E314N_S	دمياط	دمياط	Dimyāṭ	towns	Egypt	31.43739	31.79125	certain
FAQUS_317E307N_S	فاقوس	فاقوس	Fāqūs	towns	Egypt	30.71061	31.79581	certain
ABSHAYA_317E264N_S	أبشاية	أبشاية	Abšāyaŧ	villages	Egypt	26.47449	31.79880	certain
KHALIJAMIRMUMININ_317E305N_W	خليج أمير المؤمنين	خليج أمير المؤمنين	Ḫalīǧ Amīr al-Muʾminīn	waters	Egypt	30.57863	31.79922	certain
IBLIL_318E310N_R	إبليل	إبليل	Iblīl	regions	Egypt	31.01550	31.83110	certain
SHATA_318E314N_S	شطا	شطا	Šaṭā	towns	Egypt	31.40557	31.87094	certain
SAN_318E309N_R	صان	صان	Ṣān	regions	Egypt	30.97890	31.87265	certain
BUNDUQA_319E300N_S	بندقة	بندقة، منزل إبن بندقة، منزل إبن صدقة	Bunduqaŧ	waystations	Egypt	30.09522	31.93498	certain
BUHAYRATINNIS_319E312N_W	بحيرة تنيس	بحيرة تنيس	Buḥayraŧ Tinnīs	waters	Egypt	31.25935	31.99133	certain
BULYANA_319E262N_S	بلينا	بلينا	Bulyanā	towns	Egypt	26.21922	31.99590	certain
MANSAF_320E301N_S	المنصف	المنصف	al-Manṣaf	villages	Egypt	30.18702	32.05366	certain
TUNA_320E311N_S	تونة	تونة	Tūnaŧ	towns	Egypt	31.16442	32.08240	certain
JURJIR_321E309N_S	جرجير	جرجير	Ǧurǧīr	towns	Egypt	30.91373	32.19454	certain
TINNIS_322E312N_S	تنيس	تنيس	Tinnīs	towns	Egypt	31.21262	32.22755	certain
HU_322E260N_S	هو	هو	Hū	towns	Egypt	26.02153	32.29854	certain
QANTARA_323E308N_S	القنطرة	القنطرة	al-Qanṭaraŧ	villages	Egypt	30.85902	32.32461	certain
NILABYAD_323E150N_W	النيل الأبيض	النيل الأبيض	al-Nīl al-Abyaḍ	waters	Egypt	15.06046	32.35560	certain
AJARUD_323E300N_S	عجرود	عجرود	ʿAǧarūd	waystations	Egypt	30.05828	32.38039	certain
MAQURRA_324E180N_R	مقرة	مقرة، مقرة	Maqurraŧ	regions	Egypt	18.06095	32.46943	certain
ARMANT_325E256N_S	أرمنت	أرمنت	Armant	towns	Egypt	25.64017	32.51795	certain
SUWAYS_325E299N_S	سويس	سويس	Suways	villages	Egypt	29.97325	32.54404	certain
ASNA_325E253N_S	أسنا	أسنا	Asnā	towns	Egypt	25.32189	32.55162	certain
SUBA_325E154N_S	سوبة	سوبة	Sūbaŧ	villages	Egypt	15.48074	32.55275	certain
QULZUM_325E300N_S	القلزم	القلزم	al-Qulzum	towns	Egypt	30.02822	32.55684	certain
FARAMA_325E310N_S	الفرما	الفرما	al-Faramā	capitals	Egypt	31.02282	32.59811	certain
AQSUR_326E257N_S	الأقصور	الأقصور	al-Aqṣūr	towns	Egypt	25.72063	32.61253	certain
DANDARA_326E261N_S	دندرة	دندرة	Dandaraŧ	villages	Egypt	26.15778	32.64544	certain
QINA_327E261N_S	قنا	قنا	Qinā	villages	Egypt	26.17068	32.73283	certain
NAHRNIL_327E252N_W	نهر النيل	نهر النيل	Nahr al-Nīl	waters	Egypt	25.22987	32.74002	certain
QUS_327E259N_S	قوص	قوص	Qūṣ	towns	Egypt	25.91848	32.74342	certain
QIFT_328E259N_S	قفط	قفط، قفط	Qifṭ	villages	Egypt	25.99671	32.80433	certain
ALLAQI_328E230N_S	علقي	علقي	ʿAllaqī	towns	Egypt	23.01969	32.87404	certain
ATFU_328E250N_S	أتفو	أتفو	Atfū	villages	Egypt	25.01203	32.87999	certain
KUBAN_328E231N_S	كبان	كبان، قبان	Kubān	waystations	Egypt	23.12192	32.88630	certain
JANADIL_329E240N_O	الجنادل	الجنادل	al-Ǧanādil	sites	Egypt	24.01605	32.92462	certain
QASR_329E238N_S	القصر	القصر	al-Qaṣr	villages	Egypt	23.86056	32.93994	certain
BILAQ_329E239N_S	بلاق	بلاق، أبلاق	Bilāq	villages	Egypt	23.99294	32.94356	certain
WADIALLAQI_329E229N_W	وادي علاقي	وادي علاقي	Wādī ʿAllāqī	waters	Egypt	22.98246	32.97579	certain
USWAN_329E241N_S	أسوان	أسوان	Uswān	capitals	Egypt	24.10701	32.98286	certain
UNBUWA_329E244N_S	أنبوا	أنبوا، أنبو	Unbuwā	towns	Egypt	24.46534	32.98745	certain
DAYRNASARA_330E311N_S	دير النصارى	دير النصارى، حصن النصارى، القصر	Dayr al-Naṣārá	waystations	Egypt	31.14397	33.05753	certain
BAQQARA_331E310N_S	البقارة	البقارة	al-Baqqāraŧ	towns	Egypt	31.02385	33.12566	certain
JIFAR_332E307N_R	الجفار	الجفار	al-Ǧifār	regions	Egypt	30.75519	33.23727	certain
MAADINTIBR_333E226N_O	معادن التبر	معادن التبر	Maʿādin al-Tibr	sites	Egypt	22.61001	33.35835	certain
SANTA_334E194N_S	السنطة	السنطة	al-Sanṭaŧ	villages	Egypt	19.40078	33.43051	certain
WARRADA_335E310N_S	الورادة	الورادة	al-Warrādaŧ	towns	Egypt	31.06734	33.54242	certain
FARAN_336E286N_S	فاران	فاران	Fārān	towns	Egypt	28.67926	33.67254	certain
TIHBANUISRAIL_338E291N_R	تيه بنو إسرائل	تيه بنو إسرائل	Tīh Banū Isrāʾil	regions	Egypt	29.16755	33.80128	certain
ARISH_338E311N_S	العريش	العريش	al-ʿArīš	towns	Egypt	31.12453	33.80807	certain
MAADINZUMURRUDH_338E250N_O	معادن الزمرذ	معادن الزمرذ	Maʿādin al-Zumurruḏ	sites	Egypt	25.07556	33.89324	certain
TURSINA_339E283N_O	طور سيناء	طور سيناء	Ṭūr Sīnāʾ	sites	Egypt	28.35876	33.95454	certain
ABWAB_340E174N_S	الأبواب	الأبواب	al-Abwāb	villages	Egypt	17.49927	34.09472	certain
WADIALLAQI_341E221N_W	وادي علقي	وادي علقي	Wādī ʿAllaqī	waters	Egypt	22.13452	34.10934	certain
BILADHABASHA_341E149N_R	بلاد الحبشة	بلاد الحبشة	Bilād al-Ḥabašaŧ	regions	Egypt	14.94825	34.14753	certain
QUSAYR_342E261N_S	قصير	قصير	Quṣayr	villages	Egypt	26.10673	34.27748	certain
AYDHAB_362E224N_S	عيذب	عيذب	ʿAyḏab	towns	Egypt	22.48899	36.24428	certain
BILADBUJJA_370E192N_R	بلاد البجة	بلاد البجة	Bilād al-Buǧǧaŧ	regions	Egypt	19.28058	37.06730	certain
SUWAKIN_373E191N_S	سواكن	سواكن	Suwākin	villages	Egypt	19.11304	37.33032	certain
BADI_394E156N_S	باضع	باضع	Bāḍiʿ	towns	Egypt	15.63308	39.48117	certain
HINDUWAN_497E302N_S	هندوان	هندوان، هنديجان	Hinduwān	towns	Faris	30.25118	49.70675	certain
MAHRUBAN_502E300N_S	مهروبان	مهروبان	Mahrūbān	towns	Faris	30.06436	50.21436	certain
RISHAHR_502E303N_S	ريشهر	ريشهر	Rīšahr	villages	Faris	30.34108	50.22217	certain
SINIZ_502E299N_S	سينيز	سينيز، شينيز	Sīnīz	towns	Faris	29.92283	50.27838	certain
ARRAJAN_502E306N_S	أراجان	أراجان	Arrāǧān	capitals	Faris	30.61030	50.29766	certain
JAZIRAKHARAK_503E292N_R	جزيرة خرك	جزيرة خرك	Ǧazīraŧ Ḫarak	regions	Faris	29.23531	50.33529	certain
SANJAHAN_503E297N_S	سنجاهان	سنجاهان	Sanǧāhān	waystations	Faris	29.74023	50.38864	certain
ZAYTUN_503E305N_S	زيتون	زيتون، زيتان، فرزك	Zaytūn	towns	Faris	30.51616	50.39397	certain
SARDAN_504E309N_R	سردان	سردان	Sardān	regions	Faris	30.99710	50.42781	certain
SAHIK_504E299N_S	صاحك	صاحك	Ṣāḥik	waystations	Faris	29.96408	50.46130	certain
ROUTEPOINTS0699_505E304N_O	RoutePoints0699	RoutePoints0699	RoutePoints0699	xroads	Faris	30.44661	50.51371	certain
JANNABA_505E296N_S	جنابة	جنابة	Ǧannābaŧ	towns	Faris	29.60089	50.53898	certain
LURDAJAN_507E315N_S	لوردجان	لوردجان، اللورجان	Lūrdaǧān	towns	Faris	31.53831	50.73914	certain
SAHIK_508E307N_S	صاهك	صاهك	Ṣāhik	villages	Faris	30.74015	50.80266	certain
JUNBADHMALLAGHAN_508E302N_S	جنبذ ملغان	جنبذ ملغان، جنبذ ملجان	Ǧunbaḏ Mallaġān	towns	Faris	30.29389	50.84951	certain
TAWWAZ_510E294N_S	توز	توز، توج !	Tawwaz	towns	Faris	29.44172	51.03513	certain
BAZRANJ_511E299N_R	بزرنج	بزرنج	Bazranǧ	regions	Faris	29.92934	51.11281	certain
NAJIRAM_511E284N_R	نجيرم	نجيرم	Naǧīram	regions	Faris	28.49687	51.12283	certain
TAWWAZ_511E294N_S	توز	توز، توج !	Tawwaz	towns	Faris	29.42208	51.17294	certain
BALASABUR_511E303N_R	بلا سابور	بلا سابور	Balā Sābūr	regions	Faris	30.39947	51.17750	certain
DAKHWID_512E303N_S	دخويد	دخويد، درخيذ	Daḫwīd	villages	Faris	30.30738	51.25820	certain
GHUNDIJAN_512E292N_S	الغندجان	الغندجان	al-Ġundiǧān	towns	Faris	29.22327	51.26065	certain
DASHTBARIN_512E292N_S	دشت بارين	دشت بارين	Dašt Bārīn	towns	Faris	29.28011	51.26816	certain
HINDUJAN_513E293N_S	هندوجان	هندوجان، هنديجان	Hindūǧān	villages	Faris	29.39151	51.30074	certain
KHASHT_513E295N_S	خشت	خشت	Ḫašt	towns	Faris	29.54859	51.30575	certain
KHURMUQ_513E286N_R	خرمق	خرمق	Ḫurmuq	regions	Faris	28.66191	51.39095	certain
NAHRSABUR_514E296N_W	نهر سابور	نهر سابور	Nahr Sābūr	waters	Faris	29.64228	51.42853	certain
KHUMAYJAN_514E300N_R	خميجان	خميجان	Ḫumayǧān	regions	Faris	30.01617	51.44858	certain
KHAWADHAN_515E302N_S	خواذان	خواذان، خوراواذان، خوراباذان، خوبذان	Ḫawāḏān	villages	Faris	30.24443	51.50809	certain
KUMARIJ_515E295N_S	كمارج	كمارج	Kumāriǧ	towns	Faris	29.57692	51.51373	certain
SHAHRASTAN_515E298N_S	شهرستان	شهرستان، سابور	Šahrastān	capitals	Faris	29.83157	51.51624	certain
SABUR_515E298N_R	سابور	سابور، شهرستان	Sābūr	regions	Faris	29.83157	51.51624	certain
DARIZ_515E296N_S	دريز	دريز	Darīz	towns	Faris	29.66188	51.54129	certain
NUBANDAJAN_515E301N_S	نوبندجان	نوبندجان، نوبنجان	Nūbandaǧān	towns	Faris	30.12743	51.55235	certain
QALAJISS_516E301N_S	قلعة الجص	قلعة الجص	Qalʿaŧ al-Ǧiṣṣ	waystations	Faris	30.15444	51.64606	certain
KAZARUN_516E296N_S	كازرون	كازرون	Kāzarūn	towns	Faris	29.60743	51.68412	certain
KARU_516E317N_S	كرو	كرو	Karū	waystations	Faris	31.79256	51.69552	certain
NAHRJARSIQ_517E293N_W	نهر جرسيق	نهر جرسيق، نهر جرشيق	Nahr Ǧarsīq	waters	Faris	29.32600	51.76932	certain
JARKAN_517E300N_S	جركان	جركان، خركان، كركان، الكرجان	Ǧarkān	villages	Faris	30.09815	51.78402	certain
JAFARABADH_518E311N_S	جعفراباذ	جعفراباذ	Ǧaʿfarābāḏ	waystations	Faris	31.19326	51.81266	certain
SUMAYRAM_518E313N_S	سميرم	سميرم	Sumayram	waystations	Faris	31.35567	51.81266	certain
BUHAYRAKAZARUN_518E295N_W	بحيرة كازرون	بحيرة كازرون	Buḥayraŧ Kāzarūn	waters	Faris	29.50280	51.83196	certain
QUMISA_518E320N_S	قومسة	قومسة	Qūmisaŧ	waystations	Faris	32.00251	51.86732	certain
KAMFAYRUZ_519E305N_R	كام فيروز	كام فيروز	Kām Fayrūz	regions	Faris	30.50943	51.90116	certain
MAS_519E314N_O	ماس	ماس	Mās	sites	Faris	31.44454	51.91938	certain
KALLAR_519E307N_S	كلار	كلار	Kallār	villages	Faris	30.72449	51.92199	certain
TIRMARDAN_519E298N_R	تير مردان	تير مردان	Tīr Mardān	regions	Faris	29.86635	51.92718	certain
KURD_519E306N_S	كورد	كورد، كورد	Kūrd	waystations	Faris	30.69092	51.93240	certain
DASHTARZAN_519E296N_S	دشت أرزن	دشت أرزن	Dašt Arzan	villages	Faris	29.60960	51.94222	certain
KHARRARA_519E300N_S	الخرارة	الخرارة	al-Ḫarrāraŧ	waystations	Faris	30.04859	51.94541	certain
RUZKAN_519E318N_S	روزكان	روزكان	Rūzkān	waystations	Faris	31.80584	51.96103	certain
KHURRA_519E292N_S	خرة	خرة	Ḫurraŧ	towns	Faris	29.22327	51.97730	certain
URD_519E307N_S	أورد	أورد	Ūrd	towns	Faris	30.77818	51.99227	certain
KHANRUSHAN_520E312N_S	خان روشن	خان روشن، خان أويس، خوارش	Ḫān Rūšan	waystations	Faris	31.25559	52.02871	certain
AZKAS_521E315N_S	أزكاس	أزكاس	Azkās	waystations	Faris	31.51558	52.17709	certain
KHULLAR_521E299N_S	خلار	خلار، خلان	Ḫullār	waystations	Faris	29.98842	52.19005	certain
MIHRJANAWAZ_522E303N_S	مهرجاناواز	مهرجاناواز	Mihrǧānāwāz	waystations	Faris	30.39049	52.21353	certain
KHANASAD_522E295N_S	خان الأسد	خان الأسد	Ḫān al-Asad	waystations	Faris	29.56820	52.22036	certain
MAH_522E280N_S	مه	مه، مى	Mah	waystations	Faris	28.05331	52.28050	certain
JUWAYM_522E298N_S	جويم	جويم	Ǧuwaym	villages	Faris	29.87379	52.29587	certain
SIRAF_523E276N_S	سيراف	سيراف	Sīrāf	capitals	Faris	27.69666	52.34306	certain
KIRAND_523E284N_S	كيرند	كيرند	Kīrand	waystations	Faris	28.41977	52.36569	certain
BAYDA_523E300N_S	البيضاء	البيضاء، نسا	al-Bayḍāʾ	towns	Faris	30.03958	52.36712	certain
JAMM_523E278N_S	جم	جم	Ǧamm	villages	Faris	27.81680	52.39133	certain
SARWISTAN_524E314N_S	سرويستان	سرويستان، سرورير	Sarwīstān	towns	Faris	31.42233	52.43219	certain
RUN_524E307N_R	الرون	الرون	al-Rūn	regions	Faris	30.74910	52.44000	certain
QASRAIN_524E308N_S	قصر أعين	قصر أعين، قصر آيين، الرون	Qaṣr Aʿīn	towns	Faris	30.82066	52.44521	certain
KHUSIKAN_524E305N_S	خوسكان	خوسكان	Ḫūsikān	waystations	Faris	30.50270	52.48426	certain
HAZAR_524E299N_S	هزار	هزار، أزار سابور	Hazār	towns	Faris	29.94029	52.49428	certain
KAFRAH_524E295N_S	كفره	كفره، كفر	Kafrah	waystations	Faris	29.50609	52.49957	certain
SHIRAZ_525E296N_S	شيراز	شيراز	Šīrāz	metropoles	Faris	29.61884	52.52867	certain
JUR_525E288N_S	جور	جور، بيروزاباذ	Ǧūr	towns	Faris	28.84797	52.58324	certain
ARJUMAN_526E311N_R	أرجمان	أرجمان	Arǧumān	regions	Faris	31.17990	52.62743	certain
BARM_526E311N_R	برم	برم	Barm	regions	Faris	31.17990	52.62743	certain
MAIN_526E301N_S	مئين	مئين، معين	Maʾīn	towns	Faris	30.18595	52.63784	certain
NABAND_526E273N_S	نابند	نابند	Nāband	villages	Faris	27.34352	52.64171	certain
ABADHA_526E311N_S	آباذة	آباذة، أرجمان	Ābāḏaŧ	towns	Faris	31.16430	52.66127	certain
RAYKAN_526E285N_S	رايكان	رايكان، خان أزادمرد	Rāykān	waystations	Faris	28.52097	52.67152	certain
IQLID_526E309N_S	إقليد	إقليد	Iqlīd	villages	Faris	30.91897	52.67168	certain
QALASAIDABADH_526E300N_S	قلعة سعيداباذ	قلعة سعيداباذ	Qalʿaŧ Saʿīdābāḏ	waystations	Faris	30.09815	52.67428	certain
BIYABSHURAB_526E286N_S	بيابشوراب	بيابشوراب، دشت شوراب	Biyābšūrāb	waystations	Faris	28.69894	52.68133	certain
KUWAR_526E292N_S	كوار	كوار	Kuwār	waystations	Faris	29.21962	52.69768	certain
RAKAN_527E297N_S	ركان	ركان	Rakān	villages	Faris	29.77510	52.74824	certain
SARMAQ_527E310N_S	سرمق	سرمق، السرمق	Sarmaq	towns	Faris	31.05956	52.79142	certain
QARYARUMMAN_528E293N_S	قرية الرمان	قرية الرمان	Qaryaŧ al-Rummān	waystations	Faris	29.37477	52.80644	certain
MIMAND_528E288N_S	ميمند	ميمند	Mīmand	towns	Faris	28.88488	52.85141	certain
KURAN_528E277N_S	كران	كران	Kurān	towns	Faris	27.76342	52.86193	certain
MUSHKAN_528E306N_S	مشكان	مشكان	Muškān	towns	Faris	30.60582	52.86431	certain
RASSIKR_528E297N_S	رأس السكر	رأس السكر	Raʾs al-Sikr	waystations	Faris	29.77510	52.87257	certain
KHANMIM_528E293N_S	خان ميم	خان ميم	Ḫān Mīm	villages	Faris	29.31712	52.88580	certain
DARIYAN_529E295N_S	داريان	داريان	Dāriyān	waystations	Faris	29.54062	52.92548	certain
ISTAKHR_529E299N_S	إصطخر	إصطخر	Iṣṭaḫr	capitals	Faris	29.97008	52.92548	certain
ABZAR_529E282N_S	أبزر	أبزر	Abzar	villages	Faris	28.28084	52.94703	certain
QARYAIBNBUNDAR_530E301N_S	قرية إبن بندار	قرية إبن بندار	Qaryaŧ Ibn Bundār	waystations	Faris	30.13418	53.03090	certain
QIR_530E284N_S	قير	قير، كير	Qīr	towns	Faris	28.44621	53.03724	certain
FARUQ_530E299N_S	فاروق	فاروق	Fārūq	towns	Faris	29.97467	53.06569	certain
KARZIN_531E284N_S	كارزن	كارزن	Kārzin	villages	Faris	28.40599	53.11293	certain
KARA_531E307N_S	كرة	كرة	Karaŧ	towns	Faris	30.73791	53.12982	certain
SIMAKAN_531E286N_S	الصيمكان	الصيمكان	al-Ṣīmakān	towns	Faris	28.69941	53.13182	certain
NAHRSAKKAN_531E285N_W	نهر سكان	نهر سكان	Nahr Sakkān	waters	Faris	28.52387	53.13563	certain
KAMIN_531E301N_R	كمين	كمين	Kamīn	regions	Faris	30.17019	53.16106	certain
KAMIN_531E301N_S	كمين	كمين	Kamīn	villages	Faris	30.17019	53.16106	certain
KALWADHAR_531E298N_S	كلوذار	كلوذار، قلوذر، قرية الحمام	Kalwaḏār	waystations	Faris	29.88067	53.16886	certain
QARYABIDH_531E306N_S	قرية بيذ	قرية بيذ، بيذ، قرية الخلاف	Qaryaŧ Bīḏ	villages	Faris	30.63942	53.18449	certain
KAHAMANDA_531E302N_S	كهمندة	كهمندة، كهمند، كمهنك	Kahamandaŧ	waystations	Faris	30.28490	53.19750	certain
KHAWARISTAN_532E292N_S	خورستان	خورستان، سروستان	Ḫawaristān	towns	Faris	29.25713	53.20589	certain
ZIYADABADHZIYADAWADH_532E298N_S	زياداباذزياداواذ	زياداباذزياداواذ	ZiyādābāḏZiyādāwāḏ	waystations	Faris	29.83708	53.22441	certain
ABARQUH_532E311N_S	أبرقوه	أبرقوه	Abarqūh	towns	Faris	31.15094	53.25737	certain
KHABR_532E287N_S	خبر	خبر	Ḫabr	towns	Faris	28.76436	53.27732	certain
KHURRAMA_533E295N_S	خرامة	خرامة	Ḫurrāmaŧ	towns	Faris	29.54292	53.33817	certain
BAHRFARIS_533E261N_W	بحر فارس	بحر فارس	Baḥr Fāris	waters	Faris	26.11223	53.38985	certain
BARAB_534E278N_S	باراب	باراب	Bārāb	waystations	Faris	27.88081	53.43209	certain
JUBANAN_534E297N_S	جوبانن	جوبانن	Ǧūbānan	waystations	Faris	29.79117	53.44398	certain
RIBAT_534E291N_S	الرباط	الرباط	al-Ribāṭ	waystations	Faris	29.12318	53.44663	certain
BUHAYRABASHFUYA_534E296N_W	بحيرة الباشفوية	بحيرة الباشفوية،  بحيرة الباشفورية	Buḥayraŧ al-Bāšfūyaŧ	waters	Faris	29.69700	53.47044	certain
JAHRAM_535E285N_S	جهرم	جهرم	Ǧahram	towns	Faris	28.51826	53.51012	certain
KURM_536E290N_S	كرم	كرم	Kurm	towns	Faris	29.07233	53.60800	certain
BAWWAN_536E304N_S	بوان	بوان	Bawwān	towns	Faris	30.46456	53.61920	certain
FASA_536E289N_S	فسا	فسا	Fasā	towns	Faris	28.92193	53.63181	certain
UQDA_536E324N_S	عقدة	عقدة	ʿUqdaŧ	towns	Faris	32.40568	53.66217	certain
KARYAN_537E280N_S	كاريان	كاريان	Kāryān	waystations	Faris	28.05935	53.70323	certain
KATH_537E293N_S	كث	كث	Kaṯ	waystations	Faris	29.36324	53.70323	certain
ABADHA_537E297N_S	آباذة	آباذة	Ābāḏaŧ	towns	Faris	29.78210	53.73617	certain
RASDUNYA_537E300N_S	رأس الدنيا	رأس الدنيا	Raʾs al-Dunyā	waystations	Faris	30.00577	53.78841	certain
TABISTAN_538E289N_S	طبستان	طبستان، طمستان، طمارستان	Ṭabistān	towns	Faris	28.94971	53.81699	certain
QARYAASAD_538E315N_S	قرية الأسد	قرية الأسد	Qaryaŧ al-Asad	waystations	Faris	31.55774	53.84828	certain
QARYAAS_539E296N_S	قرية الآس	قرية الآس	Qaryaŧ al-Ās	waystations	Faris	29.69008	53.92036	certain
KHAYAR_539E292N_S	خيار	خيار، خير، خيرة	Ḫayār	villages	Faris	29.25944	53.93868	certain
JUWAYMABUAHMAD_539E281N_S	جويم أبو أحمد	جويم أبو أحمد	Ǧuwaym Abū Aḥmad	villages	Faris	28.14336	53.94661	certain
BUHAYRABAKHTIKAN_539E293N_W	بحيرة البختكان	بحيرة البختكان	Buḥayraŧ al-Baḫtikān	waters	Faris	29.33096	53.97836	certain
MAYBUDH_539E322N_S	ميبذ	ميبذ	Maybuḏ	towns	Faris	32.27744	53.98932	certain
ISBAHANAT_540E291N_S	الإصبهانات	الإصبهانات، إصطهبانان	al-Iṣbahānāt	towns	Faris	29.10684	54.04351	certain
FUSTUJAN_540E288N_S	الفستجان	الفستجان، الفستكان، البستجان	al-Fustuǧān	towns	Faris	28.88371	54.07735	certain
KHAWARISTAN_540E299N_S	خورستان	خورستان	Ḫawaristān	waystations	Faris	29.95166	54.09036	certain
JAHZANDAYA_541E288N_S	جاه زنداية	جاه زنداية	Ǧāh Zandāyaŧ	towns	Faris	28.85635	54.18928	certain
KARB_542E282N_S	كرب	كرب	Karb	waystations	Faris	28.26649	54.21531	certain
IYJ_542E289N_S	إيج	إيج، إيك	Iyǧ	towns	Faris	28.98623	54.24655	certain
NAYRIZ_542E292N_S	نيريز	نيريز	Nayrīz	capitals	Faris	29.21368	54.27518	certain
NAYRIZ_542E292N_R	نيريز	نيريز	Nayrīz	regions	Faris	29.21368	54.27518	certain
DARAKAN_542E288N_S	داركان	داركان	Dārakān	waystations	Faris	28.83127	54.27779	certain
MADHAWAN_542E287N_S	الماذون	الماذون	al-Māḏawan	towns	Faris	28.72175	54.29861	certain
SAHIH_543E297N_S	صهيه	صهيه، صاهك	Ṣahīh	towns	Faris	29.77106	54.30902	certain
YAZD_543E319N_R	يزد	يزد، كثة	Yazd	regions	Faris	31.90975	54.34286	certain
YAZD_543E319N_S	يزد	يزد، كثة	Yazd	towns	Faris	31.90975	54.34286	certain
MURAYZIJAN_543E288N_S	المريزجان	المريزجان	al-Murayziǧān	villages	Faris	28.80847	54.39753	certain
KHASU_544E285N_S	خسو	خسو	Ḫasū	capitals	Faris	28.51610	54.40794	certain
RUBANJ_544E285N_R	روبنج	روبنج	Rūbanǧ	regions	Faris	28.51610	54.40794	certain
HARA_544E301N_S	هراة	هراة	Harāŧ	towns	Faris	30.11392	54.41315	certain
YAZDAKHAWAST_544E283N_S	يزدخواست	يزدخواست	Yazdaḫawāst	towns	Faris	28.33754	54.43137	certain
DARABAJIRD_545E287N_S	درابجرد	درابجرد	Darābaǧird	capitals	Faris	28.75143	54.54591	certain
FAHRAJ_546E317N_S	الفهرج	الفهرج	al-Fahraǧ	towns	Faris	31.76601	54.62400	certain
KADRUWA_546E291N_S	كدروا	كدروا	Kadruwā	towns	Faris	29.16368	54.67346	certain
RADHAN_547E301N_S	راذان	راذان، داذان	Rāḏān	waystations	Faris	30.12067	54.70209	certain
SIFUMARA_547E267N_R	سيف عمارة	سيف عمارة	Sīf ʿUmāraŧ	regions	Faris	26.77937	54.75943	certain
JARMWA_547E286N_S	جرموة	جرموة	Ǧarmwaŧ	waystations	Faris	28.60070	54.79060	certain
ZARUDUWA_548E294N_S	زرودووة	زرودووة	Zarūdūwaŧ	waystations	Faris	29.41342	54.85047	certain
HISNIBNUMARA_549E265N_S	حصن إبن عمارة	حصن إبن عمارة، قلعة إبن عمارة	Ḥiṣn Ibn ʿUmāraŧ	waystations	Faris	26.57451	54.90122	certain
SHABABAK_550E301N_S	شابابك	شابابك، شاباوك، شهرباباك	Šābābak	towns	Faris	30.13418	55.05872	certain
RUSTAQ_551E284N_S	رستاق	رستاق	Rustāq	towns	Faris	28.47950	55.10037	certain
FURJ_551E283N_S	فرج	فرج	Furǧ	towns	Faris	28.31921	55.16805	certain
ABAN_552E308N_S	أبان	أبان	Abān	towns	Faris	30.88547	55.25395	certain
DIHUSHTURAN_557E303N_S	ده أشتران	ده أشتران، قرية الجمال	Dih Ušturān	towns	Faris	30.31412	55.70689	certain
JAZIRALAFT_558E267N_R	جزيرة لفت	جزيرة لفت، جزيرة بركاوان، جزيرة بنو كاوان	Ǧazīraŧ Laft	regions	Faris	26.74974	55.80019	certain
TARIM_558E281N_S	تارم	تارم، تارم	Tārim	towns	Faris	28.18163	55.80841	certain
UNAS_559E302N_S	أونس	أونس	Ūnas	towns	Faris	30.24893	55.98281	certain
RUDHAN_560E303N_R	الروذان	الروذان	al-Rūḏān	regions	Faris	30.39947	56.02186	certain
RUDHAN_560E303N_S	الروذان	الروذان	al-Rūḏān	towns	Faris	30.39947	56.02186	certain
SURU_562E271N_S	سورو	سورو	Sūrū	towns	Faris	27.19067	56.21348	certain
RASKISHM_562E269N_S	رأس كشم	رأس كشم	Raʾs Kišm	towns	Faris	26.96505	56.28286	certain
NAWUSA_426E338N_S	الناوسة	الناوسة	al-Nāwusaŧ	waystations	Iraq	33.82317	42.61179	certain
HIT_428E336N_S	هيت	هيت	Hīt	towns	Iraq	33.64370	42.80628	certain
RABB_432E334N_S	الرب	الرب	al-Rabb	villages	Iraq	33.46273	43.26055	certain
SINN_434E352N_S	السن	السن	al-Sinn	towns	Iraq	35.26076	43.46591	certain
AYNTAMR_435E326N_S	عين التمر	عين التمر	ʿAyn al-Tamr	towns	Iraq	32.62337	43.52574	certain
BARIMMA_435E350N_S	بارما	بارما	Bārimmā	waystations	Iraq	35.07982	43.57361	certain
SUDAQANIYYA_436E348N_S	السودقانية	السودقانية	al-Sūdaqāniyyaŧ	waystations	Iraq	34.81448	43.60292	certain
TAKRIT_436E345N_S	تكريت	تكريت	Takrīt	towns	Iraq	34.59215	43.69617	certain
ANBAR_437E333N_S	الأنبار	الأنبار	al-Anbār	towns	Iraq	33.39492	43.70150	certain
JABILTA_437E346N_S	جبلتا	جبلتا، جبلتا	Ǧabiltā	waystations	Iraq	34.62614	43.72814	certain
DIMIMMA_437E333N_S	دمما	دمما	Dimimmā	towns	Iraq	33.33483	43.78276	certain
DUR_438E344N_S	الدور	الدور	al-Dūr	towns	Iraq	34.46814	43.80541	certain
KARKH_438E342N_S	الكرخ	الكرخ	al-Karḫ	villages	Iraq	34.29663	43.87468	certain
SAMARRA_438E342N_S	سامراء	سامراء	Sāmarrāʾ	capitals	Iraq	34.20964	43.88134	certain
JABALBARIMMA_438E349N_O	جبل بارما	جبل بارما	Ǧabal Bārimmā	sites	Iraq	34.93688	43.88401	certain
JABALBARIMMA_438E348N_O	جبل بارما	جبل بارما	Ǧabal Bārimmā	sites	Iraq	34.80370	43.89840	certain
QADISIYYA_439E340N_S	القادسية	القادسية	al-Qādisiyyaŧ	waystations	Iraq	34.09388	43.98259	certain
KARBALA_440E326N_S	كربلاء	كربلاء	Karbalāʾ	towns	Iraq	32.61792	44.03706	certain
SAYLAHIN_440E334N_S	السيلحين	السيلحين	al-Saylaḥīn	waystations	Iraq	33.41382	44.06385	certain
ALTH_440E340N_S	علث 	علث ،  العلث	ʿAlṯ 	towns	Iraq	34.02656	44.08916	certain
NAHRISA_441E332N_W	نهر عسى	نهر عسى	Nahr ʿIsá	waters	Iraq	33.26692	44.13579	certain
NAHRSARSAR_441E331N_W	نهر صرصر	نهر صرصر	Nahr Ṣarṣar	waters	Iraq	33.13984	44.14778	certain
AQARQUF_441E333N_R	عقرقوف	عقرقوف	ʿAqarqūf	regions	Iraq	33.34374	44.18108	certain
HARBA_441E339N_S	حربى	حربى	Ḥarbá	towns	Iraq	33.95808	44.18508	certain
QADISIYYA_441E316N_S	القادسية	القادسية	al-Qādisiyyaŧ	towns	Iraq	31.65292	44.18717	certain
NAHRALQAMI_442E327N_W	نهر العلقمي	نهر العلقمي	Nahr al-ʿAlqamī	waters	Iraq	32.74321	44.20922	certain
BADURAYA_442E333N_S	بادوريا	بادوريا	Bādūrayā	towns	Iraq	33.37712	44.21572	certain
UKBARA_442E338N_S	عكبرا	عكبرا	ʿUkbarā	towns	Iraq	33.85526	44.22504	certain
QATRABBUL_442E333N_S	قطربل	قطربل	Qaṭrabbul	towns	Iraq	33.39714	44.24636	certain
AYWANA_442E338N_S	أيوانة	أيوانة، أوانة، أوانة	Aywānaŧ	towns	Iraq	33.81321	44.26367	certain
SUQASAD_442E324N_S	سوق أسد	سوق أسد	Sūq Asad	villages	Iraq	32.48043	44.29724	certain
FALLUJA_443E325N_S	فلوجة	فلوجة	Fallūǧaŧ	towns	Iraq	32.55902	44.30760	certain
NAJAF_443E319N_S	نجاف	نجاف	Naǧāf	villages	Iraq	31.98379	44.33826	certain
HAMMAMIBNUMAR_443E323N_S	حمام إبن عمر	حمام إبن عمر	Ḥammām Ibn ʿUmar	towns	Iraq	32.39084	44.34773	certain
QASRIBNHUBAYRA_443E327N_S	قصر إبن هبيرة	قصر إبن هبيرة	Qaṣr Ibn Hubayraŧ	towns	Iraq	32.70401	44.34902	certain
KARKH_443E333N_S	الكرخ	الكرخ	al-Karḫ	quarters	Iraq	33.31703	44.35293	certain
BAGHDAD_443E333N_S	بغداد	بغداد	Baġdād	metropoles	Iraq	33.35932	44.35693	certain
BARADAN_443E335N_S	بردان	بردان	Baradān	towns	Iraq	33.50829	44.36092	certain
KHAWARNAQ_443E319N_S	الخورنق	الخورنق	al-Ḫawarnaq	towns	Iraq	31.97375	44.36286	certain
NAHRMALIK_443E330N_S	نهر الملك	نهر الملك	Nahr al-Malik	villages	Iraq	33.05406	44.36455	certain
JISRSURA_443E326N_S	جسر سورا	جسر سورا، جسر سوران	Ǧisr Sūrā	towns	Iraq	32.64626	44.36585	certain
SHAHI_443E322N_S	شاهي	شاهي، ساهي	Šāhī	waystations	Iraq	32.24535	44.36844	certain
JISRKUTHA_443E328N_S	جسر كوثى	جسر كوثى	Ǧisr Kūṯá	waystations	Iraq	32.87594	44.36973	certain
SARSAR_443E331N_S	صرصر	صرصر، جسر صرصر	Ṣarṣar	villages	Iraq	33.10972	44.37025	certain
HIRA_443E320N_S	الحيرة	الحيرة	al-Ḥīraŧ	towns	Iraq	32.01734	44.37232	certain
KUFA_443E320N_S	الكوفة	الكوفة	al-Kūfaŧ	capitals	Iraq	32.03808	44.39355	certain
BABIL_444E325N_S	بابل	بابل	Bābil	towns	Iraq	32.57211	44.42281	certain
KALWADHA_444E333N_S	كلواذى	كلواذى	Kalwāḏá	towns	Iraq	33.30144	44.43153	certain
JAMIAN_444E324N_S	الجامعان	الجامعان، الجامعين	al-Ǧāmiʿān	towns	Iraq	32.48152	44.43704	certain
NAHRSURA_444E325N_W	نهر سورا	نهر سورا	Nahr Sūrā	waters	Iraq	32.54156	44.44611	certain
NAHRQATUL_444E339N_W	نهر القاطول	نهر القاطول	Nahr al-Qāṭūl	waters	Iraq	33.97797	44.44618	certain
DAQUQA_444E351N_S	دقوقاء	دقوقاء	Daqūqāʾ	villages	Iraq	35.13976	44.46217	certain
NAHRMALIK_445E329N_W	نهر الملك	نهر الملك	Nahr al-Malik	waters	Iraq	32.94875	44.50953	certain
BADA_445E322N_S	بداة	بداة، بداة	Badāŧ	towns	Iraq	32.25849	44.54578	certain
NAHRAWAN_445E334N_S	النهروان	النهروان	al-Nahrawān	towns	Iraq	33.43161	44.59405	certain
MADAIN_445E330N_S	المدائين	المدائين	al-Madāʾīn	towns	Iraq	33.09075	44.59672	certain
KUTHARABBA_446E327N_S	كوثى ربة	كوثى ربة	Kūṯá Rabbaŧ	towns	Iraq	32.75737	44.62604	certain
BAJISRA_446E337N_S	باجسرى	باجسرى	Bāǧisrá	towns	Iraq	33.73126	44.63801	certain
BUWAHRIZ_446E337N_S	بوهرز	بوهرز	Buwahriz	towns	Iraq	33.70578	44.64201	certain
BAQUBA_446E337N_S	بعقوبا	بعقوبا، باقوبة	Baʿqūbā	towns	Iraq	33.76006	44.65666	certain
DAYRBAZAMA_447E336N_S	دير بازمة 	دير بازمة ،  دير تيرمة	Dayr Bāzamaŧ 	waystations	Iraq	33.60709	44.70196	certain
NAHRKUTHA_447E327N_W	نهر كوثى	نهر كوثى	Nahr Kūṯá	waters	Iraq	32.74430	44.72053	certain
SIB_448E329N_S	السيب	السيب	al-Sīb	towns	Iraq	32.97916	44.84610	certain
NIL_448E325N_S	النيل	النيل	al-Nīl	towns	Iraq	32.51100	44.89011	certain
DASKARA_449E339N_S	دسكرة	دسكرة، دسكرة الملك	Daskaraŧ	towns	Iraq	33.94151	44.92310	certain
ABARTA_449E332N_S	عبرتا	عبرتا	ʿAbartā	towns	Iraq	33.20675	44.93375	certain
NAHRNAHRAWAN_449E330N_W	نهر النهروان	نهر النهروان	Nahr al-Nahrawān	waters	Iraq	33.09856	44.97772	certain
DAYRAQUL_449E329N_S	دير العاقول	دير العاقول	Dayr al-ʿĀqūl	towns	Iraq	32.91181	44.98460	certain
HARUNIYYA_450E339N_S	الهاروني	الهاروني، طرستان	al-Hārūniyya	towns	Iraq	33.97686	45.01502	certain
NAHRNIL_451E325N_W	نهر النيل	نهر النيل	Nahr al-Nīl	waters	Iraq	32.53829	45.10369	certain
JALULA_451E341N_S	جلولا	جلولا	Ǧalūlā	towns	Iraq	34.17989	45.11759	certain
BATAIH_452E319N_R	البطائح	البطائح، البطيحة	al-Baṭāʾiḥ	regions	Iraq	31.98716	45.29796	certain
JARJARAYA_453E327N_S	جرجرايا	جرجرايا	Ǧarǧarāyā	towns	Iraq	32.74104	45.31987	certain
NUMANIYYA_454E325N_S	النعمانية	النعمانية، تل نعمان	al-Nuʿmāniyyaŧ	towns	Iraq	32.59694	45.42650	certain
KHANIQIN_454E343N_S	خانقين	خانقين	Ḫāniqīn	towns	Iraq	34.34844	45.44708	certain
BANDANIJAN_454E337N_S	بندنيجان	بندنيجان، بندنيجين	Bandanīǧān	towns	Iraq	33.71797	45.48927	certain
QASRSHIRIN_456E344N_S	قصر شيرين	قصر شيرين	Qaṣr Šīrīn	villages	Iraq	34.49996	45.62659	certain
JABBUL_457E325N_S	جبول	جبول	Ǧabbūl	towns	Iraq	32.55466	45.72633	certain
HULWAN_459E344N_S	حلوان	حلوان	Ḥulwān	capitals	Iraq	34.47862	45.93468	certain
BADARAYA_459E330N_S	بادرايا	بادرايا	Bādarāyā	towns	Iraq	33.09968	45.93688	certain
NAHRSABUS_459E324N_S	نهر سابس	نهر سابس	Nahr Sābus	towns	Iraq	32.49681	45.96969	certain
FAMSILH_461E324N_S	فم الصلح	فم الصلح	Fam al-Ṣilḥ	towns	Iraq	32.46405	46.13150	certain
WASIT_463E321N_S	واسط	واسط	Wāsiṭ	capitals	Iraq	32.19497	46.32308	certain
RUSAFA_463E317N_S	الرصافة	الرصافة	al-Ruṣāfaŧ	waystations	Iraq	31.78987	46.36450	certain
KASKAR_464E323N_R	كسكر	كسكر	Kaskar	regions	Iraq	32.32633	46.41887	certain
NAHRDIJLA_464E325N_W	نهر دجلة	نهر دجلة	Nahr Diǧlaŧ	waters	Iraq	32.54047	46.46676	certain
BAKUSAYA_464E329N_S	باكسايا	باكسايا	Bākusāyā	towns	Iraq	32.94441	46.46935	certain
FARUTH_465E318N_S	الفاروث	الفاروث	al-Fārūṯ	waystations	Iraq	31.83729	46.58171	certain
BADHIBIN_465E321N_S	باذبين	باذبين	Bāḏibīn	towns	Iraq	32.17087	46.59233	certain
QATR_466E317N_O	القطر	القطر	al-Qaṭr	sites	Iraq	31.71519	46.62959	certain
SIKR_467E321N_S	السكر	السكر	al-Sikr	towns	Iraq	32.19607	46.77226	certain
NAHRABIASAD_470E309N_W	نهر أبي الأسد	نهر أبي الأسد	Nahr Abī al-Asad	waters	Iraq	30.98302	47.04854	certain
TIB_473E322N_S	الطيب	الطيب	al-Ṭīb	towns	Iraq	32.22674	47.30428	certain
ABDAS_473E314N_S	عبداس	عبداس	ʿAbdās	towns	Iraq	31.46283	47.33731	certain
MADHAR_473E314N_S	المذار	المذار	al-Maḏār	towns	Iraq	31.48197	47.37621	certain
MAYSAN_474E314N_S	ميسان	ميسان	Maysān	towns	Iraq	31.41304	47.47945	certain
NAHRAWRA_475E308N_W	نهر العورا	نهر العورا	Nahr al-ʿAwrā	waters	Iraq	30.86237	47.55725	certain
NAHRMAQIL_476E304N_W	نهر المعقل	نهر المعقل	Nahr al-Maʿqil	waters	Iraq	30.49305	47.69640	certain
QURQUB_477E321N_S	قرقوب	قرقوب	Qurqūb	towns	Iraq	32.17254	47.70188	certain
BASRA_477E304N_S	البصرة	البصرة	al-Baṣraŧ	capitals	Iraq	30.40147	47.71735	certain
NAHRUBULLA_478E304N_W	نهر الأبلة	نهر الأبلة	Nahr al-Ubullaŧ	waters	Iraq	30.41050	47.81460	certain
UBULLA_478E304N_S	الأبلة	الأبلة	al-Ubullaŧ	towns	Iraq	30.49692	47.83555	certain
ABUKHASIB_479E304N_S	أبو الخصيب	أبو الخصيب	Abū al-Ḫaṣīb	towns	Iraq	30.43759	47.99265	certain
BAYAN_480E304N_S	بيان	بيان	Bayān	towns	Iraq	30.46468	48.03005	certain
ABBADAN_482E303N_S	عبادان	عبادان	ʿAbbādān	towns	Iraq	30.33563	48.27394	certain
HAQL_350E292N_S	الحقل	الحقل	al-Ḥaql	waystations	Jazirat al-Arab	29.27449	35.03845	certain
MADYANSHUAYB_350E284N_S	مدين شعيب	مدين شعيب	Madyan Šuʿayb	waystations	Jazirat al-Arab	28.47663	35.07298	certain
AYNUNA_351E281N_S	عينونة	عينونة	ʿAynūnaŧ	waystations	Jazirat al-Arab	28.17030	35.19783	certain
SHARAFDHUNAML_351E289N_S	شرف ذو النمل	شرف ذو النمل، شرف البعل	Šaraf Ḏū al-Naml	waystations	Jazirat al-Arab	28.94260	35.19783	certain
SALA_354E278N_S	الصلا	الصلا	al-Ṣalā	waystations	Jazirat al-Arab	27.85039	35.41578	certain
ARA_355E280N_S	الأعراء	الأعراء	al-Aʿrāʾ	towns	Jazirat al-Arab	28.06253	35.57504	certain
DABBA_357E273N_S	ضبا	ضبا، ظبا	Ḍabbā	waystations	Jazirat al-Arab	27.32690	35.78604	certain
AWNID_359E270N_S	العونيد	العونيد	al-ʿAwnīd	towns	Jazirat al-Arab	27.00533	35.99173	certain
KILABA_360E275N_S	كلابة	كلابة، كلاية	Kilābaŧ	villages	Jazirat al-Arab	27.50168	36.07695	certain
NABK_362E267N_S	النبك	النبك	al-Nabk	waystations	Jazirat al-Arab	26.71435	36.24739	certain
SAGHB_364E271N_S	سغب	سغب	Saġb	waystations	Jazirat al-Arab	27.19891	36.47366	certain
RUHBA_364E276N_R	رحبة	رحبة، رحبة	Ruḥbaŧ	regions	Jazirat al-Arab	27.67097	36.48835	certain
WAJH_365E262N_S	الوجه	الوجه	al-Waǧh	waystations	Jazirat al-Arab	26.29359	36.50010	certain
BADAYAQUB_367E270N_S	بداء يعقوب	بداء يعقوب	Badāʾ Yaʿqūb	waystations	Jazirat al-Arab	27.03413	36.74694	certain
BAYDA_370E267N_S	البيضاء	البيضاء	al-Bayḍāʾ	waystations	Jazirat al-Arab	26.79044	37.01435	certain
HAWRA_373E250N_S	الحوراء	الحوراء	al-Ḥawrāʾ	towns	Jazirat al-Arab	25.03020	37.33759	certain
HIJRSALIH_379E268N_S	حجر صالح	حجر صالح، الحجر	Ḥiǧr Ṣāliḥ	towns	Jazirat al-Arab	26.86125	37.93999	certain
QURH_379E265N_S	قرح	قرح	Qurḥ	capitals	Jazirat al-Arab	26.55412	37.99288	certain
RASAYN_380E250N_S	رأس العين	رأس العين	Raʾs al-ʿAyn	waystations	Jazirat al-Arab	25.06481	38.05459	certain
YANBU_381E241N_S	ينبع	ينبع	Yanbuʿ	towns	Jazirat al-Arab	24.10820	38.12512	certain
WADIQURA_382E256N_W	وادي القرى	وادي القرى	Wādī al-Qurá	waters	Jazirat al-Arab	25.67549	38.29849	certain
SUQYAYAZID_383E261N_S	سقياء يزيد	سقياء يزيد، السقياء	Suqyāʾ Yazīd	towns	Jazirat al-Arab	26.15916	38.35433	certain
JAR_385E238N_S	الجار	الجار	al-Ǧār	towns	Jazirat al-Arab	23.81820	38.50713	certain
MARWA_385E257N_S	المروة	المروة، ذو المروة	al-Marwaŧ	towns	Jazirat al-Arab	25.71785	38.58647	certain
BADR_388E237N_S	بدر	بدر	Badr	towns	Jazirat al-Arab	23.72676	38.80098	certain
HADHA_388E254N_S	حذة	حذة	Ḥaḏaŧ	towns	Jazirat al-Arab	25.46077	38.85976	certain
SAFRA_389E240N_S	الصفراء	الصفراء	al-Ṣafrāʾ	villages	Jazirat al-Arab	24.03308	38.95085	certain
HIJAZ_390E235N_R	الحجاز	الحجاز	al-Ḥiǧāz	regions	Jazirat al-Arab	23.51137	39.02138	certain
SUWAYDA_390E250N_S	السويداء	السويداء، السويدية	al-Suwaydāʾ	villages	Jazirat al-Arab	25.04884	39.03019	certain
WADIFUR_390E230N_W	وادي فرع	وادي فرع	Wādī Furʿ	waters	Jazirat al-Arab	23.06872	39.09190	certain
ABWA_390E232N_S	الأبواء	الأبواء	al-Abwāʾ	waystations	Jazirat al-Arab	23.22814	39.09484	certain
JUHFA_391E226N_S	الجحفة	الجحفة	al-Ǧuḥfaŧ	towns	Jazirat al-Arab	22.60833	39.12422	certain
JUDDA_391E214N_S	جدة	جدة	Ǧuddaŧ	towns	Jazirat al-Arab	21.46201	39.17790	certain
ARJ_392E238N_O	العرج	العرج	al-ʿArǧ	sites	Jazirat al-Arab	23.85851	39.20944	certain
SUQYABANUGHIFAR_392E235N_S	سقياء بنو غفار	سقياء بنو غفار	Suqyāʾ Banū Ġifār	waystations	Jazirat al-Arab	23.58141	39.23295	certain
RUWAYTHA_392E240N_S	رويثة	رويثة	Ruwayṯaŧ	waystations	Jazirat al-Arab	24.01966	39.23589	certain
KHAYBAR_392E257N_S	خيبر	خيبر	Ḫaybar	towns	Jazirat al-Arab	25.78667	39.26821	certain
DHUKHUSHUB_392E247N_S	ذو خشب	ذو خشب	Ḏū Ḫušub	waystations	Jazirat al-Arab	24.72896	39.29172	certain
RAWHA_392E241N_S	روحاء	روحاء	Rawḥāʾ	waystations	Jazirat al-Arab	24.11893	39.29760	certain
SAYYALA_393E241N_S	سيالة	سيالة	Sayyālaŧ	waystations	Jazirat al-Arab	24.19669	39.35343	certain
FADAK_393E252N_S	فدك	فدك	Fadak	villages	Jazirat al-Arab	25.24834	39.37400	certain
KHULAYS_394E221N_S	خليص	خليص	Ḫulayṣ	towns	Jazirat al-Arab	22.10557	39.41808	certain
MALAL_394E242N_S	ملل	ملل	Malal	waystations	Jazirat al-Arab	24.29047	39.45628	certain
USFAN_394E218N_S	عسفان	عسفان	ʿUsfān	waystations	Jazirat al-Arab	21.88079	39.46144	certain
BAHRQULZUM_394E190N_W	بحر القلزم	بحر القلزم	Baḥr al-Qulzum	waters	Jazirat al-Arab	19.02737	39.48379	certain
DHUHULAYFA_395E244N_S	ذو الحليفة	ذو الحليفة	Ḏū al-Ḥulayfaŧ	villages	Jazirat al-Arab	24.40558	39.56501	certain
KHAYM_395E223N_S	الخيم	الخيم، خيم أم معبد، قديد	al-Ḫaym	villages	Jazirat al-Arab	22.38571	39.56795	certain
QURAYN_395E214N_S	قرين	قرين	Qurayn	villages	Jazirat al-Arab	21.41489	39.57789	certain
QUBA_395E244N_S	قبا	قبا	Qubā	villages	Jazirat al-Arab	24.44572	39.58264	certain
JABALUHUD_395E246N_O	جبل أحد	جبل أحد	Ǧabal Uḥud	sites	Jazirat al-Arab	24.64886	39.59145	certain
MADINA_396E244N_S	المدينة	المدينة، مدينتة النبي، يثرب	al-Madīnaŧ	towns	Jazirat al-Arab	24.47782	39.60908	certain
BATNMARR_397E216N_S	بطن مر	بطن مر	Baṭn Marr	villages	Jazirat al-Arab	21.64499	39.73935	certain
TANIM_397E215N_S	التنعيم	التنعيم	al-Tanʿīm	waystations	Jazirat al-Arab	21.53869	39.79161	certain
MAKKA_398E213N_S	مكة	مكة	Makkaŧ	metropoles	Jazirat al-Arab	21.39132	39.83612	certain
MINA_399E213N_S	منى	منى	Miná	towns	Jazirat al-Arab	21.35325	39.93206	certain
BATNNAKHL_400E248N_R	بطن النخل	بطن النخل	Baṭn al-Naḫl	regions	Jazirat al-Arab	24.85968	40.00579	certain
TARAFA_400E245N_S	الطرفة	الطرفة، الطرف	al-Ṭarafaŧ	waystations	Jazirat al-Arab	24.59544	40.02342	certain
DAHLAK_400E156N_R	دهلك	دهلك	Dahlak	regions	Jazirat al-Arab	15.69528	40.07137	certain
YALAMLAM_400E208N_S	يلملم	يلملم	Yalamlam	waystations	Jazirat al-Arab	20.84741	40.08231	certain
ARAFAT_402E213N_S	عرفات	عرفات	ʿArafāt	villages	Jazirat al-Arab	21.32282	40.20316	certain
QARN_402E214N_S	قرن	قرن، قرن المنازل	Qarn	towns	Jazirat al-Arab	21.46576	40.21296	certain
WADIAQIQ_402E241N_W	وادي العقيق	وادي العقيق	Wādī al-ʿAqīq	waters	Jazirat al-Arab	24.11089	40.29083	certain
LITH_403E201N_S	الليث	الليث	al-Līṯ	waystations	Jazirat al-Arab	20.18053	40.33707	certain
SUWARIQIYYA_403E232N_S	السوارقية	السوارقية	al-Suwāriqiyyaŧ	towns	Jazirat al-Arab	23.28483	40.35548	certain
TAIF_404E212N_S	الطائف	الطائف	al-Ṭāʾif	towns	Jazirat al-Arab	21.21629	40.40566	certain
DHATIRQ_404E216N_S	ذات عرق	ذات عرق	Ḏāt ʿIrq	villages	Jazirat al-Arab	21.62677	40.42853	certain
JABALJAZWAN_404E211N_O	جبل جزوان	جبل جزوان، جبل غزوان	Ǧabal Ǧazwān	sites	Jazirat al-Arab	21.10664	40.43179	certain
AWTAS_406E217N_S	أوطاس	أوطاس	Awṭās	waystations	Jazirat al-Arab	21.73300	40.68003	certain
UFAYIYYA_407E230N_S	الأفيعية	الأفيعية	al-Ufayʿiyyaŧ	waystations	Jazirat al-Arab	23.02816	40.75512	certain
SIRRAYN_407E198N_S	السرين	السرين	al-Sirrayn	towns	Jazirat al-Arab	19.83698	40.76268	certain
MISLAH_407E224N_S	المسلح	المسلح	al-Mislaḥ	waystations	Jazirat al-Arab	22.44276	40.79626	certain
USAYLA_407E250N_S	العسيلة	العسيلة	al-ʿUsaylaŧ	villages	Jazirat al-Arab	25.04085	40.79626	certain
GHAMRA_408E218N_S	الغمرة	الغمرة	al-Ġamraŧ	waystations	Jazirat al-Arab	21.89675	40.84007	certain
DAWQA_409E195N_S	دوقة	دوقة	Dawqaŧ	villages	Jazirat al-Arab	19.56050	40.96521	certain
WAJRA_409E220N_S	الوجرة	الوجرة	al-Waǧraŧ	waystations	Jazirat al-Arab	22.03204	40.98726	certain
UMAQ_409E240N_S	العمق	العمق	al-ʿUmaq	waystations	Jazirat al-Arab	24.01161	40.99902	certain
JUDAD_410E217N_S	الجدد	الجدد	al-Ǧudad	waystations	Jazirat al-Arab	21.73300	41.07197	certain
QANAWNA_411E191N_S	قنونة	قنونة	Qanawnaŧ	waystations	Jazirat al-Arab	19.12337	41.15761	certain
SALILA_412E243N_S	السليلة	السليلة	al-Salīlaŧ	waystations	Jazirat al-Arab	24.34402	41.22235	certain
ASHAM_412E198N_R	عشم	عشم	ʿAšam	regions	Jazirat al-Arab	19.80364	41.23862	certain
FUTUQ_412E214N_S	الفتق	الفتق	al-Futuq	waystations	Jazirat al-Arab	21.44752	41.28101	certain
RABADHA_413E246N_S	ربذة	ربذة	Rabaḏaŧ	waystations	Jazirat al-Arab	24.66756	41.30169	certain
HALI_413E186N_S	حلي	حلي	Ḥalī	towns	Jazirat al-Arab	18.62751	41.39305	certain
MUGHITHAMAWAN_414E250N_S	مغيثة الماوان	مغيثة الماوان، المغيثة	Muġīṯaŧ al-Māwān	waystations	Jazirat al-Arab	25.00091	41.40160	certain
WADIYABA_414E190N_W	وادي يبة	وادي يبة	Wādī Yabaŧ	waters	Jazirat al-Arab	19.08509	41.48925	certain
SHUBAYKA_415E224N_S	الشبيكة	الشبيكة	al-Šubaykaŧ	waystations	Jazirat al-Arab	22.44819	41.51032	certain
MADINNAQIRA_415E255N_S	معدن النقرة	معدن النقرة	Maʿdin al-Naqiraŧ	waystations	Jazirat al-Arab	25.55360	41.52796	certain
TURABA_415E210N_R	تربة	تربة	Turabaŧ	regions	Jazirat al-Arab	21.09750	41.57497	certain
TURABA_416E212N_S	تربة	تربة	Turabaŧ	villages	Jazirat al-Arab	21.25283	41.64030	certain
QUBA_416E227N_S	قباء	قباء	Qubāʾ	villages	Jazirat al-Arab	22.78726	41.65725	certain
SAFR_416E208N_S	صفر	صفر	Ṣafr	waystations	Jazirat al-Arab	20.85351	41.68929	certain
HAJIR_417E259N_S	الحاجر	الحاجر	al-Ḥāǧir	waystations	Jazirat al-Arab	25.96910	41.75129	certain
KUDAYY_418E205N_S	كدي	كدي	Kudayy	waystations	Jazirat al-Arab	20.55409	41.87220	certain
DATHINA_419E232N_S	الدثينة	الدثينة، دفينة	al-Daṯīnaŧ	waystations	Jazirat al-Arab	23.22544	41.92466	certain
SAMIRA_420E264N_S	سميراء	سميراء	Samīrāʾ	waystations	Jazirat al-Arab	26.41998	42.03339	certain
RANYA_421E203N_S	رنية	رنية	Ranyaŧ	villages	Jazirat al-Arab	20.30924	42.10410	certain
TUZ_422E267N_S	توز	توز	Tūz	waystations	Jazirat al-Arab	26.71435	42.29198	certain
TABALA_424E200N_S	تبالة	تبالة	Tabālaŧ	waystations	Jazirat al-Arab	20.04558	42.41439	certain
JURASH_424E187N_R	جرش	جرش	Ǧuraš	regions	Jazirat al-Arab	18.77618	42.44873	certain
FALJA_424E235N_S	الفلجة	الفلجة	al-Falǧaŧ	waystations	Jazirat al-Arab	23.54101	42.45066	certain
TIHAMA_425E175N_R	تهامة	تهامة	Tihāmaŧ	regions	Jazirat al-Arab	17.58374	42.51067	certain
BISHA_426E199N_S	بيشة	بيشة	Bīšaŧ	waystations	Jazirat al-Arab	19.93935	42.62594	certain
JURASH_426E186N_S	جرش	جرش	Ǧuraš	towns	Jazirat al-Arab	18.63711	42.69682	certain
BISHA_426E200N_R	بيشة	بيشة	Bīšaŧ	regions	Jazirat al-Arab	20.04402	42.69682	certain
JUSADA_427E195N_S	جسداء	جسداء	Ǧusadāʾ	waystations	Jazirat al-Arab	19.51994	42.71961	certain
BANATJARM_427E192N_O	بنات جرم	بنات جرم، بنات حرم، بنات حرب	Banāt Ǧarm	sites	Jazirat al-Arab	19.20706	42.78290	certain
YABAMBAM_428E188N_S	يبمبم	يبمبم، يبنبم	Yabambam	waystations	Jazirat al-Arab	18.87682	42.82847	certain
DARIYYA_428E246N_S	ضرية	ضرية	Ḍariyyaŧ	waystations	Jazirat al-Arab	24.64886	42.86206	certain
KUTHBA_429E184N_S	كثبة	كثبة، كثنة	Kuṯbaŧ	waystations	Jazirat al-Arab	18.48351	42.98036	certain
JADILA_429E240N_S	جديلة	جديلة	Ǧadīlaŧ	waystations	Jazirat al-Arab	24.09211	42.99135	certain
TIKHFA_430E249N_S	طخفة	طخفة	Ṭiḫfaŧ	waystations	Jazirat al-Arab	24.95296	43.01192	certain
IMMARA_431E253N_S	إمرة	إمرة	Immaraŧ	waystations	Jazirat al-Arab	25.37319	43.14710	certain
THUJJA_431E181N_S	الثجة	الثجة	al-Ṯuǧǧaŧ	waystations	Jazirat al-Arab	18.17110	43.19302	certain
HUJAYRA_432E200N_R	هجيرة	هجيرة	Huǧayraŧ	regions	Jazirat al-Arab	20.06543	43.29934	certain
RAMA_434E257N_S	رامة	رامة	Rāmaŧ	waystations	Jazirat al-Arab	25.77608	43.42920	certain
SHARURA_434E178N_S	شرورة	شرورة	Šarūraŧ	waystations	Jazirat al-Arab	17.85975	43.43742	certain
MAHJARA_435E176N_S	المهجرة	المهجرة	al-Mahǧaraŧ	villages	Jazirat al-Arab	17.60657	43.54039	certain
AWSAJA_440E259N_S	العوسجة	العوسجة	al-ʿAwsaǧaŧ	waystations	Jazirat al-Arab	25.98495	44.07861	certain
NAJRAN_442E175N_S	نجران	نجران	Naǧrān	towns	Jazirat al-Arab	17.58603	44.29950	certain
SUDD_453E236N_R	السد	السد	al-Sudd	regions	Jazirat al-Arab	23.64065	45.37745	certain
THANIYYA_463E240N_R	الثنية	الثنية	al-Ṯaniyyaŧ	regions	Jazirat al-Arab	24.02771	46.32366	certain
AHWAR_465E136N_R	أحور	أحور	Aḥwar	regions	Jazirat al-Arab	13.67538	46.54442	certain
FALAJ_465E221N_R	الفلج	الفلج	al-Falaǧ	regions	Jazirat al-Arab	22.14096	46.55875	certain
AHWAR_466E135N_S	أحور	أحور	Aḥwar	towns	Yemen	13.56967	46.61972	certain
IRD_467E248N_R	العرض	العرض	al-ʿIrḍ	regions	Jazirat al-Arab	24.88100	46.72918	certain
HAJR_467E246N_S	الحجر	الحجر	al-Ḥaǧr	capitals	Jazirat al-Arab	24.64352	46.73212	certain
YAMAMA_467E240N_R	اليمامة	اليمامة	al-Yamāmaŧ	regions	Jazirat al-Arab	24.08674	46.73506	certain
QARA_468E274N_S	القرعة	القرعة	al-Qarʿaŧ	waystations	Jazirat al-Arab	27.45084	46.88787	certain
SHANUWA_469E152N_W	شنوة	شنوة، سنوءة	Šanuwaŧ	waters	Jazirat al-Arab	15.24886	46.92186	certain
SAMMAN_472E267N_R	الصمان	الصمان	al-Ṣammān	regions	Jazirat al-Arab	26.78388	47.21404	certain
KHARJ_472E237N_R	الخرج	الخرج	al-Ḫarǧ	regions	Jazirat al-Arab	23.77518	47.26694	certain
SULAYMA_473E241N_S	سليمة	سليمة	Sulaymaŧ	waystations	Jazirat al-Arab	24.15648	47.35509	certain
KAZIMA_479E292N_S	كاظمة	كاظمة	Kāẓimaŧ	waystations	Jazirat al-Arab	29.29998	47.92209	certain
HADUTHA_483E285N_S	الحدوثة	الحدوثة	al-Ḥadūṯaŧ	waystations	Jazirat al-Arab	28.54666	48.37368	certain
ARFAJA_487E276N_S	عرفجة	عرفجة	ʿArfaǧaŧ	waystations	Jazirat al-Arab	27.68528	48.72446	certain
HADRAMAWT_488E156N_R	حضرموت	حضرموت	Ḥaḍramawt	regions	Jazirat al-Arab	15.64792	48.80405	certain
YABRIN_489E232N_R	يبرين	يبرين	Yabrīn	regions	Jazirat al-Arab	23.29563	48.95073	certain
QURA_495E269N_S	القرى	القرى	al-Qurá	waystations	Jazirat al-Arab	26.90449	49.50023	certain
AHSA_495E253N_S	الأحساء	الأحساء	al-Aḥsāʾ	capitals	Jazirat al-Arab	25.34929	49.54137	certain
SHIHR_495E147N_S	الشحر	الشحر	al-Šiḥr	towns	Yemen	14.76671	49.59980	certain
HAJAR_499E247N_R	الهجر	الهجر	al-Haǧar	regions	Jazirat al-Arab	24.72896	49.94102	certain
QATIF_499E265N_S	القطيف	القطيف	al-Qaṭīf	towns	Jazirat al-Arab	26.53966	49.96159	certain
MUSAYLIHA_499E261N_S	مسيلحة	مسيلحة	Musayliḥaŧ	waystations	Jazirat al-Arab	26.18157	49.98216	certain
DARIN_501E262N_S	دارين	دارين	Dārīn	waystations	Jazirat al-Arab	26.28437	50.19373	certain
UQAYR_502E255N_S	العقير	العقير	al-ʿUqayr	towns	Jazirat al-Arab	25.55890	50.22312	certain
UWAL_505E261N_R	أوال	أوال	Uwāl	regions	Jazirat al-Arab	26.11827	50.56693	certain
HAMAD_506E247N_S	حمض	حمض	Ḥamaḍ	waystations	Jazirat al-Arab	24.74231	50.65214	certain
AHQAF_508E193N_R	الأحقاف	الأحقاف	al-Aḥqāf	regions	Jazirat al-Arab	19.38865	50.85870	certain
QATAR_512E249N_R	قطر	قطر	Qaṭar	regions	Jazirat al-Arab	24.95829	51.21928	certain
SABKHA_519E236N_R	السبخة	السبخة	al-Sabḫaŧ	regions	Jazirat al-Arab	23.61911	51.97155	certain
BAYNUNA_533E236N_R	البينونة	البينونة	al-Baynūnaŧ	regions	Jazirat al-Arab	23.69448	53.39087	certain
TUAM_557E241N_S	تؤام	تؤام	Tuʾām	towns	Jazirat al-Arab	24.19401	55.77403	certain
HAFIT_558E238N_S	حفيت	حفيت	Ḥafīt	towns	Jazirat al-Arab	23.89613	55.85631	certain
JULLAFAR_559E257N_S	جلفار	جلفار	Ǧullafār	towns	Jazirat al-Arab	25.75227	55.98855	certain
DABA_562E255N_S	دبا	دبا	Dabā	towns	Jazirat al-Arab	25.59071	56.22657	certain
DANK_563E235N_S	ضنك	ضنك	Ḍank	towns	Jazirat al-Arab	23.53023	56.30591	certain
UMAN_564E238N_R	عمان	عمان	ʿUmān	regions	Jazirat al-Arab	23.82088	56.45284	certain
SUHAR_566E243N_S	صحار	صحار	Ṣuḥār	capitals	Jazirat al-Arab	24.35205	56.69086	certain
SIRR_568E230N_S	السر	السر	al-Sirr	towns	Jazirat al-Arab	23.05520	56.82897	certain
NAZWA_575E228N_S	نزوة	نزوة	Nazwaŧ	towns	Jazirat al-Arab	22.86309	57.52541	certain
QALA_576E226N_S	القلعة	القلعة	al-Qalʿaŧ	towns	Jazirat al-Arab	22.68969	57.66352	certain
SAMAD_579E227N_S	سمد	سمد	Samad	towns	Jazirat al-Arab	22.71138	57.96619	certain
MILAH_581E226N_S	ملح	ملح	Milaḥ	towns	Jazirat al-Arab	22.61105	58.11018	certain
MASQAT_586E235N_S	مسقط	مسقط	Masqaṭ	towns	Jazirat al-Arab	23.54370	58.63618	certain
SHAHRAZUR_460E352N_R	شهرزور	شهرزور	Šahrazūr	towns	Jibal	35.25767	46.01676	certain
MADHARWISTAN_460E344N_S	ماذروستان	ماذروستان	Māḏarwistān	waystations	Jibal	34.43477	46.04283	certain
MARJ_462E343N_S	المرج	المرج، مرج القلعة	al-Marǧ	waystations	Jibal	34.30577	46.22379	certain
TAZAR_464E341N_S	الطزر	الطزر	al-Ṭazar	towns	Jibal	34.16749	46.44040	certain
ZUBAYDIYYA_468E342N_S	الزبيدية	الزبيدية	al-Zubaydiyyaŧ	waystations	Jibal	34.23099	46.85168	certain
SIRAWAN_468E335N_S	السيروان	السيروان، الشيراوان	al-Sīrawān	towns	Jibal	33.52303	46.86539	certain
MASABADHAN_469E335N_R	ماسبذان	ماسبذان	Māsabaḏān	regions	Jibal	33.58473	46.92023	certain
ZUBAYDIYYA_469E344N_S	الزبيدية	الزبيدية	al-Zubaydiyyaŧ	waystations	Jibal	34.43457	46.93427	certain
SISAR_469E353N_S	سيسر	سيسر	Sīsar	towns	Jibal	35.31623	46.98439	certain
QARMASIN_470E343N_S	قرماسين	قرماسين، قرميسين	Qarmāsīn	towns	Jibal	34.32388	47.09845	certain
SAYMARA_474E331N_S	الصيمرة	الصيمرة	al-Ṣaymaraŧ	capitals	Jibal	33.14964	47.40829	certain
BISUTUN_474E343N_S	بيستون	بيستون، بهستون	Bīsutūn	waystations	Jibal	34.37821	47.47958	certain
DINAWAR_474E346N_S	دينور	دينور، ماه الكوفة	Dīnawar	capitals	Jibal	34.60195	47.49055	certain
MIHRJANQADHAQ_475E332N_R	مهرجانقذق	مهرجانقذق	Mihrǧānqaḏaq	regions	Jibal	33.20013	47.52071	certain
QANTARANUMAN_476E344N_S	قنطرة النعمان	قنطرة النعمان	Qanṭaraŧ al-Nuʿmān	waystations	Jibal	34.46868	47.65232	certain
QASRLUSUS_479E344N_S	قصر اللصوص	قصر اللصوص	Qaṣr al-Luṣūṣ	towns	Jibal	34.49580	47.90457	certain
ASADABADH_481E348N_S	أسداباذ	أسداباذ	Asadābāḏ	towns	Jibal	34.80031	48.15134	certain
LASHTAR_482E338N_S	لاشتر	لاشتر	Lāštar	villages	Jibal	33.86750	48.25553	certain
SABURKHASHT_483E334N_S	سابورخاشت	سابورخاشت، سابورخواشت	Sābūrḫāšt	villages	Jibal	33.49102	48.36521	certain
NIHAWAND_483E342N_S	نهاوند	نهاوند، ماه البصرة	Nihāwand	capitals	Jibal	34.21512	48.39263	certain
RUDHRAWAR_483E346N_S	رذراور	رذراور	Ruḏrāwar	towns	Jibal	34.62225	48.39263	certain
ZAFARANIYYA_484E348N_S	زعفرنية	زعفرنية	Zaʿfaraniyyaŧ	waystations	Jibal	34.83858	48.42279	certain
RAKAH_485E344N_S	راكاه	راكاه	Rākāh	waystations	Jibal	34.42798	48.54618	certain
HAMADHAN_485E347N_S	همذان	همذان	Hamaḏān	metropoles	Jibal	34.77554	48.57908	certain
HAMADHAN_485E347N_R	همذان	همذان	Hamaḏān	regions	Jibal	34.77554	48.57908	certain
SUHRAWARD_486E364N_S	سهرورد	سهرورد	Suhraward	towns	Jibal	36.45828	48.63061	certain
RAMAN_486E342N_S	رامن	رامن	Rāman	towns	Jibal	34.25819	48.65585	certain
BARISIYAN_487E352N_S	بارسيان	بارسيان	Bārisiyān	waystations	Jibal	35.29415	48.71891	certain
DARNAWA_487E348N_S	درنوى	درنوى	Darnawá	villages	Jibal	34.84758	48.73262	certain
DARAQAN_487E334N_S	دارقان	دارقان	Dāraqān	waystations	Jibal	33.44757	48.75730	certain
BURUJIRD_488E339N_S	بروجرد	بروجرد	Burūǧird	capitals	Jibal	33.90164	48.80940	certain
JURAB_489E342N_S	جوراب	جوراب	Ǧūrāb	waystations	Jibal	34.21059	48.90536	certain
BUZANJIRD_489E349N_S	بوزنجرد	بوزنجرد	Būzanǧird	waystations	Jibal	34.95777	48.98488	certain
ZARRA_492E350N_S	زرة	زرة	Zarraŧ	waystations	Jibal	35.06556	49.23165	certain
ABHAR_492E361N_S	أبهر	أبهر	Abhar	towns	Jibal	36.15722	49.23473	certain
UDH_492E355N_S	أوذ	أوذ	Ūḏ	waystations	Jibal	35.59348	49.25084	certain
KHUNDAB_492E344N_S	خنداب	خنداب	Ḫundāb	waystations	Jibal	34.41215	49.27004	certain
TAZRA_493E351N_S	طزرة	طزرة	Ṭazraŧ	waystations	Jibal	35.12165	49.39342	certain
KARAJ_495E338N_S	الكرج	الكرج، كرج أبو دلف	al-Karaǧ	capitals	Jibal	33.88116	49.54697	certain
KARAJ_495E338N_R	الكرج	الكرج، كرج أبو دلف	al-Karaǧ	regions	Jibal	33.88116	49.54697	certain
SARUQ_495E343N_S	ساروق	ساروق	Sārūq	capitals	Jibal	34.36011	49.55519	certain
BURJ_496E333N_S	البرج	البرج	al-Burǧ	towns	Jibal	33.39951	49.64019	certain
BUSTA_497E351N_S	بوستة	بوستة	Būstaŧ	towns	Jibal	35.13286	49.74164	certain
FARAHAN_497E342N_R	فراهان	فراهان	Farāhān	regions	Jibal	34.25592	49.75261	certain
RUDHA_497E351N_S	روذة	روذة	Rūḏaŧ	villages	Jibal	35.10371	49.79100	certain
MASDAQAN_498E350N_S	مصدقان	مصدقان	Maṣdaqān	waystations	Jibal	35.06107	49.85406	certain
QAZWIN_500E362N_S	قزوين	قزوين	Qazwīn	towns	Jibal	36.27854	50.00110	certain
SUSANQIN_500E350N_S	سوسنقين	سوسنقين، سوسنقين، سونقين	Sūsanqīn	waystations	Jibal	35.02740	50.02954	certain
ABTIA_500E336N_S	أبتعة	أبتعة	Abtiʿaŧ	waystations	Jibal	33.62812	50.05422	certain
TABRISH_500E347N_R	طبريش	طبريش	Ṭabrīš	regions	Jibal	34.71922	50.09809	certain
DARWADH_501E350N_S	درواذ	درواذ	Darwāḏ	waystations	Jibal	35.00944	50.19954	certain
KHUNAJAN_502E331N_S	خنجان	خنجان	Ḫunaǧān	waystations	Jibal	33.18407	50.28728	certain
JARBADHAQAN_502E333N_S	جرباذقان	جرباذقان، جلبيجان	Ǧarbāḏaqān	waystations	Jibal	33.38120	50.29276	certain
SAWA_504E349N_S	ساوة	ساوة	Sāwaŧ	towns	Jibal	34.97799	50.42711	certain
AWA_505E346N_S	آوة	آوة	Āwaŧ	towns	Jibal	34.68541	50.54227	certain
QANUWAN_506E332N_S	قنووان	قنووان	Qanūwān	waystations	Jibal	33.23683	50.65469	certain
MASHKUYA_507E353N_S	مشكوية	مشكوية	Maškūyaŧ	waystations	Jibal	35.30758	50.77259	certain
QUMM_509E346N_S	قم	قم	Qumm	capitals	Jibal	34.63354	50.90695	certain
QUMM_509E346N_R	قم	قم	Qumm	regions	Jibal	34.63354	50.90695	certain
MARJWA-ZAHR_509E330N_S	مرج وزهر	مرج وزهر	Marǧ wa-Zahr	waystations	Jibal	33.08994	50.95356	certain
QUSTANA_510E354N_S	قسطانة	قسطانة	Qusṭānaŧ	waystations	Jibal	35.41491	51.03856	certain
QARYAMAJUS_511E344N_S	قرية المجوس	قرية المجوس	Qaryaŧ al-Maǧūs	waystations	Jibal	34.44607	51.11259	certain
ASBIDHDASHT_511E321N_S	أسبيذ دشت	أسبيذ دشت	Asbīḏ Dašt	waystations	Jibal	32.13467	51.18532	certain
QASHAN_515E339N_S	قاشان	قاشان	Qāšān	capitals	Jibal	33.96762	51.50468	certain
QASHAN_515E339N_R	قاشان	قاشان	Qāšān	regions	Jibal	33.96762	51.50468	certain
RAYY_515E356N_S	الري	الري	al-Rayy	capitals	Jibal	35.62754	51.50831	certain
KHANLANJAN_515E324N_S	خان لنجان	خان لنجان، خلنجان، خولنجان	Ḫān Lanǧān	towns	Jibal	32.40331	51.56268	certain
ISBAHAN_516E326N_S	إصبهان	إصبهان، إصفهان، اليهودية	Iṣbahān	capitals	Jibal	32.66855	51.65000	certain
ISBAHAN_516E326N_R	إصبهان	إصبهان، إصفهان	Iṣbahān	regions	Jibal	32.66855	51.65000	certain
DIZA_516E353N_O	دزا	دزا، دزه، ورمين	Dizā	sites	Jibal	35.30310	51.65000	certain
BURKHUWAR_516E327N_R	برخوار	برخوار	Burḫuwār	regions	Jibal	32.78618	51.67468	certain
KARWAN_517E324N_R	كروان	كروان	Karwān	regions	Jibal	32.40272	51.72677	certain
RIBATWAZZ_517E330N_S	رباط وز	رباط وز	Ribāṭ Wazz	waystations	Jibal	33.08075	51.77613	certain
KHANRUSH_517E322N_S	خان رش	خان رش	Ḫān Ruš	waystations	Jibal	32.23981	51.79877	certain
TARQ_518E333N_S	طرق	طرق	Ṭarq	waystations	Jibal	33.32165	51.81177	certain
NAHRZANDARUDH_519E324N_W	نهر زندروذ	نهر زندروذ، الزرينروذ، زرنروذ	Nahr Zandarūḏ	waters	Jibal	32.45826	51.91596	certain
BADH_520E335N_S	باذ	باذ	Bāḏ	waystations	Jibal	33.55960	52.01467	certain
DUMMAWAND_520E357N_R	دماوند	دماوند	Dummāwand	regions	Jibal	35.75607	52.07774	certain
ARDISTAN_523E333N_S	أردستان	أردستان	Ardistān	towns	Jibal	33.37701	52.36669	certain
RUWAYDASHT_527E324N_S	رويدشت	رويدشت	Ruwaydašt	towns	Jibal	32.43743	52.71660	certain
BAJANAK_408E486N_R	البجاناك	البجاناك، البجاناكية	al-Baǧānāk	regions	Khazar	48.61696	40.89460	certain
ARTHA_422E557N_R	الأرثا	الأرثا، الأرثانية	al-Arṯā	regions	Khazar	55.73456	42.25518	certain
SARIR_446E422N_R	السرير	السرير	al-Sarīr	regions	Khazar	42.21330	44.66088	certain
NAHRITIL_451E492N_W	نهر إتل	نهر إتل	Nahr Itil	waters	Khazar	49.20301	45.13019	certain
BALANJAR_464E432N_S	بلنجر	بلنجر	Balanǧar	towns	Khazar	43.28166	46.42082	certain
BURTAS_466E526N_R	برطاس	برطاس	Burṭās	regions	Khazar	52.68645	46.64374	certain
SAMANDAR_475E429N_S	سمندر	سمندر	Samandar	towns	Khazar	42.90467	47.51198	certain
KHAZAR_475E474N_R	الخزر	الخزر	al-Ḫazar	regions	Khazar	47.42616	47.55892	certain
ITIL_480E462N_S	إتل	إتل، أتل	Itil	capitals	Khazar	46.27880	48.08690	certain
BULGHAR_484E541N_R	بلغار	بلغار	Bulġār	regions	Khazar	54.15460	48.40369	certain
BULGHAR_492E548N_S	بلغار	بلغار	Bulġār	towns	Khazar	54.86714	49.25044	certain
BAJANAK_499E492N_R	البجاناك	البجاناك، البجاناكية	al-Baǧānāk	regions	Khazar	49.24133	49.92897	certain
SUWAR_499E544N_S	سوار	سوار	Suwār	towns	Khazar	54.45304	49.96347	certain
BAHRKHAZAR_501E425N_W	بحر الخزر	بحر الخزر	Baḥr al-Ḫazar	waters	Khazar	42.55994	50.10497	certain
JAZIRASIYAHKUH_509E443N_R	جزيرة سياه كوه	جزيرة سياه كوه	Ǧazīraŧ Siyāh Kūh	regions	Khazar	44.33997	50.92627	certain
BASHJIRT_541E500N_R	بشجرت	بشجرت، بسجرد	Bašǧirt	regions	Khazar	50.04287	54.16457	certain
RIBATAFRAWA_562E389N_S	رباط أفراوة	رباط أفراوة	Ribāṭ Afrāwaŧ	waystations	Khurasan	38.92182	56.26856	certain
ASADABADH_564E363N_S	أسداباذ	أسداباذ	Asadābāḏ	towns	Khurasan	36.32897	56.45362	certain
AZADHWAR_565E366N_S	أزاذوار	أزاذوار	Azāḏwār	capitals	Khurasan	36.68546	56.59926	certain
JUWAYN_566E368N_R	جوين	جوين، كويان	Ǧuwayn	regions	Khurasan	36.86045	56.69972	certain
BAHMANABADH_568E363N_S	بهمناباذ	بهمناباذ	Bahmanābāḏ	villages	Khurasan	36.32897	56.83212	certain
MAZINAN_569E362N_S	مزينان	مزينان	Mazīnān	villages	Khurasan	36.27876	56.95205	certain
ASFARAYIN_574E369N_S	أسفراين	أسفراين	Asfarāyin	towns	Khurasan	36.98777	57.43023	certain
KHUSRAWJIRD_574E361N_S	خسروجرد	خسروجرد	Ḫusrawǧird	towns	Khurasan	36.18956	57.47851	certain
BAYHAQ_576E360N_R	بيهق	بيهق	Bayhaq	regions	Khurasan	36.08485	57.64840	certain
SABZAWAR_576E361N_S	سابزوار	سابزوار	Sābzawār	towns	Khurasan	36.15624	57.66932	certain
MIHRAJAN_578E365N_S	مهرجان	مهرجان، مهرجان	Mihraǧān	towns	Khurasan	36.58050	57.84690	certain
HUSAYNABADH_579E361N_S	حسيناباذ	حسيناباذ	Ḥusaynābāḏ	waystations	Khurasan	36.10768	57.92813	certain
TUN_581E339N_S	تون	تون	Tūn	towns	Khurasan	33.92591	58.11679	certain
KUNDUR_581E351N_S	كندر	كندر	Kundur	towns	Khurasan	35.12055	58.12875	certain
NASA_582E378N_S	نساء	نساء	Nasāʾ	towns	Khurasan	37.85763	58.21787	certain
BUSHT_582E352N_R	بشت	بشت	Bušt	regions	Khurasan	35.26140	58.27285	certain
RIWAND_583E361N_S	ريوند	ريوند	Rīwand	towns	Khurasan	36.18583	58.36115	certain
BISKAND_583E360N_S	بيسكند	بيسكند، بيشكند	Bīskand	villages	Khurasan	36.08371	58.39294	certain
TURTHITH_584E351N_S	طرثيث	طرثيث، ترشيز، طريثيث	Ṭurṯīṯ	capitals	Khurasan	35.13557	58.41130	certain
KHUJAN_584E369N_S	خوجان	خوجان، خوشان، خبوشان	Ḫūǧān	capitals	Khurasan	36.91219	58.45439	certain
YUNABIDH_586E342N_S	ينابيذ	ينابيذ، جنابذ	Yunābīḏ	towns	Khurasan	34.24652	58.63618	certain
NAYSABUR_587E361N_S	نيسابور	نيسابور	Naysābūr	metropoles	Khurasan	36.12138	58.79841	certain
NAYSABUR_587E361N_R	نيسابور	نيسابور	Naysābūr	regions	Khurasan	36.12138	58.79841	certain
RADHAKAN_589E368N_S	راذكان	راذكان، رايكان	Rāḏakān	towns	Khurasan	36.81951	58.96653	certain
QAYIN_590E336N_S	قايين	قايين	Qāyīn	capitals	Khurasan	33.64706	59.09428	certain
QASRRIH_591E360N_S	قصر الريح	قصر الريح	Qaṣr al-Rīḥ	villages	Khurasan	36.03203	59.12900	certain
BUSHTAFRUSH_592E361N_R	بشتفروش	بشتفروش، بستنفروش	Buštafrūš	regions	Khurasan	36.17813	59.24061	certain
BUSHTAFRUSH_592E361N_S	بشتفروش	بشتفروش، بستنفروش	Buštafrūš	villages	Khurasan	36.17813	59.24061	certain
QALMAYHAN_592E371N_S	قلميهن	قلميهن	Qalmayhan	villages	Khurasan	37.12708	59.28793	certain
MALLAHA_593E355N_S	الملاحة	الملاحة	al-Mallāḥaŧ	waystations	Khurasan	35.53664	59.36352	certain
RIBATKUFAN_593E372N_S	رباط كوفن	رباط كوفن	Ribāṭ Kūfan	waystations	Khurasan	37.24076	59.38400	certain
SANKAN_594E350N_S	سنكان	سنكان، سنجان	Sankān	towns	Khurasan	35.05003	59.41155	certain
QUHISTAN_594E337N_R	قوهستان	قوهستان	Qūhistān	regions	Khurasan	33.77051	59.44592	certain
TUS_594E364N_S	طوس	طوس، طابران	Ṭūs	capitals	Khurasan	36.42208	59.49915	certain
TUS_594E364N_R	طوس	طوس، طابران	Ṭūs	regions	Khurasan	36.42208	59.49915	certain
FARHAKIRD_595E357N_S	فرهاكرد	فرهاكرد	Farhākird	waystations	Khurasan	35.78200	59.56978	certain
NUQAN_595E362N_S	النوقان	النوقان، المشهد	al-Nūqān	towns	Khurasan	36.20578	59.59168	certain
ABIWARD_595E372N_S	أبيورد	أبيورد	Abīward	towns	Khurasan	37.27000	59.59733	certain
SANABADH_596E362N_S	سناباذ	سناباذ	Sanābāḏ	villages	Khurasan	36.23200	59.61287	certain
KHAKISAR_596E360N_S	خكسار	خكسار، خاكساران، الرمادة	Ḫakisār	waystations	Khurasan	36.08000	59.66585	certain
JAYIMAND_598E350N_S	جايمند	جايمند	Ǧāyimand	towns	Khurasan	35.04974	59.84669	certain
ZUZAN_598E343N_S	زوزن	زوزن	Zūzan	towns	Khurasan	34.31050	59.86207	certain
SALUMAK_599E346N_S	سلومك	سلومك	Salūmak	towns	Khurasan	34.64655	59.98232	certain
NUKDAH_600E356N_S	نوكده	نوكده	Nūkdah	waystations	Khurasan	35.63286	60.00916	certain
KHAWAF_600E345N_R	خواف	خواف	Ḫawāf	regions	Khurasan	34.56282	60.07273	certain
KHARKIRD_601E343N_S	خركرد	خركرد، خرجرد	Ḫarkird	towns	Khurasan	34.31639	60.16386	certain
SAHIH_601E361N_S	صاهه	صاهه	Ṣāhih	villages	Khurasan	36.10597	60.18929	certain
MALIN_602E349N_S	مالن	مالن، كواخرز	Mālin	towns	Khurasan	34.93776	60.26487	certain
MALAYAKIRD_602E354N_S	مالايكرد	مالايكرد	Mālāyakird	waystations	Khurasan	35.41670	60.29878	certain
BAKHARZ_603E350N_R	باخرز	باخرز	Bāḫarz	regions	Khurasan	35.01995	60.33692	certain
MAYHANA_604E368N_S	ميهنة	ميهنة، مهنة	Mayhanaŧ	towns	Khurasan	36.85569	60.44076	certain
MAZDURAN_605E361N_S	مزدوران	مزدوران، العقبة	Mazdūrān	villages	Khurasan	36.17215	60.54672	certain
JAM_605E353N_R	جام	جام	Ǧām	regions	Khurasan	35.33837	60.57003	certain
BUZJAN_606E351N_S	البوزجان	البوزجان، بوزكان	al-Būzǧān	towns	Khurasan	35.17917	60.61524	certain
UKINA_607E363N_S	أوكينة	أوكينة، أوكينة	Ūkīnaŧ	waystations	Khurasan	36.34872	60.79678	certain
FARKIRD_610E342N_S	فركرد	فركرد	Farkird	towns	Khurasan	34.27729	61.08287	certain
KUSUWI_611E346N_S	كوسوي	كوسوي، كوسري	Kūsuwī	towns	Khurasan	34.61574	61.17470	certain
SARAKHS_611E365N_S	سرخس	سرخس	Saraḫs	towns	Khurasan	36.51694	61.18671	certain
KARAH_613E344N_S	كره	كره	Karah	towns	Khurasan	34.42834	61.32587	certain
JABALFIDDA_614E353N_S	جبل الفضة	جبل الفضة، كوهإ سيم	Ǧabal al-Fiḍḍaŧ	villages	Khurasan	35.31157	61.44101	certain
TALASTANA_614E370N_S	تلستانة	تلستانة	Talastānaŧ	waystations	Khurasan	37.03409	61.47492	certain
BUSANJ_614E343N_S	بوسنج	بوسنج، فشنج، بوشنك	Būsanǧ	capitals	Khurasan	34.35023	61.47787	certain
BUSANJ_614E343N_R	بوسنج	بوسنج، فشنج، بوشنك	Būsanǧ	regions	Khurasan	34.35023	61.47787	certain
HURMUZFARRAH_616E376N_S	هرمز فره	هرمز فره	Hurmuz Farrah	towns	Khurasan	37.60594	61.61458	certain
HURMUZFARRAH_616E376N_W	هرمز فره	هرمز فره	Hurmuz Farrah	waters	Khurasan	37.60594	61.61458	certain
DANDANAQAN_616E372N_S	دندانقان	دندانقان	Dandānaqān	towns	Khurasan	37.27393	61.65152	certain
SINJ_616E374N_S	سنج	سنج، سنك	Sinǧ	towns	Khurasan	37.46480	61.68119	certain
SUSAQAN_617E376N_S	السوسقان	السوسقان، السوسقان	al-Sūsaqān	towns	Khurasan	37.68151	61.73152	certain
JARUJIRD_618E375N_S	جروجرد	جروجرد، كنوجرد، ينوجرد، ينوكرد	Ǧarūǧird	villages	Khurasan	37.50068	61.87474	certain
KHARAQ_618E376N_S	خرق	خرق	Ḫaraq	towns	Khurasan	37.61978	61.89282	certain
BADHGHIS_620E346N_R	باذغيس	باذغيس، باذغيس	Bāḏġīs	regions	Khurasan	34.61545	62.07465	certain
MARW_621E376N_S	مرو	مرو، مرو الشاهجان	Marw	capitals	Khurasan	37.67193	62.10386	certain
MARW_621E376N_R	مرو	مرو، مرو الشاهجان	Marw	regions	Khurasan	37.67193	62.10386	certain
ASFUZAR_621E332N_S	الأسفزار	الأسفزار	al-Asfuzār	capitals	Khurasan	33.24402	62.12974	certain
ASFUZAR_621E332N_R	الأسفزار	الأسفزار	al-Asfuzār	regions	Khurasan	33.24402	62.12974	certain
HARA_621E343N_S	هراة	هراة	Harāŧ	capitals	Khurasan	34.33419	62.15235	certain
HARA_621E343N_R	هراة	هراة	Harāŧ	regions	Khurasan	34.33419	62.15235	certain
MALIN_621E341N_S	مالن	مالن، السفلقات، ملين، مالان	Mālin	towns	Khurasan	34.18473	62.19614	certain
KUWASHAN_622E338N_S	كواشان	كواشان	Kuwāšān	towns	Khurasan	33.85099	62.22016	certain
JIRANJ_622E374N_S	جيرنج	جيرنج، كيرنك	Ǧīranǧ	towns	Khurasan	37.49732	62.22511	certain
ADRASKAR_622E335N_S	أدرسكر	أدرسكر	Adraskar	towns	Khurasan	33.59424	62.24983	certain
FAZ_622E373N_S	فاز	فاز، زرق	Fāz	villages	Khurasan	37.39749	62.29575	certain
BASHAN_623E342N_S	باشان	باشان	Bāšān	towns	Khurasan	34.28751	62.37698	certain
MAHDIABADH_624E371N_S	مهدياباذ	مهدياباذ	Mahdīābāḏ	waystations	Khurasan	37.12201	62.41583	certain
KAYF_624E352N_S	كيف	كيف، كيف	Kayf	towns	Khurasan	35.20428	62.42996	certain
QARINAYN_624E365N_S	القرينين	القرينين	al-Qarīnayn	villages	Khurasan	36.57540	62.44974	certain
KANJRUSTAQ_624E350N_R	كنج رستاق	كنج رستاق	Kanǧ Rustāq	regions	Khurasan	35.07720	62.46952	certain
BAHIRABADH_624E368N_S	بحيراباذ	بحيراباذ	Baḥīrābāḏ	waystations	Khurasan	36.88847	62.46952	certain
BABNA_624E349N_S	ببنة	ببنة	Babnaŧ	towns	Khurasan	34.94152	62.47870	certain
NAHRMURGHAB_625E367N_W	نهر مرغب	نهر مرغب	Nahr Murġab	waters	Khurasan	36.73407	62.52603	certain
KARUKH_625E344N_S	كروخ	كروخ	Karūḫ	towns	Khurasan	34.47814	62.54651	certain
BAGHSHUR_625E356N_S	بغشور	بغشور	Baġšūr	towns	Khurasan	35.60846	62.54722	certain
KHAYSAR_625E342N_S	خيسار	خيسار	Ḫaysār	towns	Khurasan	34.27292	62.58466	certain
KUSHMAYHAN_625E377N_S	كشميهن	كشميهن، كشماهن	Kušmayhan	towns	Khurasan	37.78994	62.59986	certain
ASADABADH_626E362N_S	أسداباذ	أسداباذ	Asadābāḏ	waystations	Khurasan	36.29294	62.67861	certain
RIBATMAYANAH_627E345N_S	رباط ميانه	رباط ميانه	Ribāṭ Mayānah	waystations	Khurasan	34.53751	62.76550	certain
ASTARABYAN_628E342N_S	أستربيان	أستربيان	Astarabyān	towns	Khurasan	34.24840	62.80223	certain
RIBATHADID_628E380N_S	رباط الحديد	رباط الحديد	Ribāṭ al-Ḥadīd	waystations	Khurasan	38.04920	62.80686	certain
DIHISTAN_629E346N_S	دهستان	دهستان	Dihistān	capitals	Khurasan	34.69680	62.95057	certain
HAWZAN_629E359N_S	حوزان	حوزان	Ḥawzān	waystations	Khurasan	35.96191	62.96749	certain
RIBATNASRAK_629E383N_S	رباط نصرك	رباط نصرك	Ribāṭ Naṣrak	waystations	Khurasan	38.31229	62.99639	certain
MARABADH_630E343N_S	ماراباذ	ماراباذ	Mārābāḏ	towns	Khurasan	34.33710	63.00426	certain
AWBA_631E344N_S	أوبة	أوبة، أوفة	Awbaŧ	towns	Khurasan	34.40940	63.16814	certain
JUBBHAMMAD_632E385N_S	جب حماد	جب حماد	Ǧubb Ḥammād	waystations	Khurasan	38.58258	63.20339	certain
QASRAHNAF_632E357N_S	قصر أحنف	قصر أحنف	Qaṣr Aḥnaf	towns	Khurasan	35.76147	63.21212	certain
RIBATBARIS_633E388N_S	رباط بارس	رباط بارس	Ribāṭ Bāris	waystations	Khurasan	38.84034	63.35393	certain
MARWRUDH_633E355N_S	مرو الروذ	مرو الروذ	Marw al-Rūḏ	capitals	Khurasan	35.59250	63.36670	certain
MARWRUDH_633E355N_R	مرو الروذ	مرو الروذ	Marw al-Rūḏ	regions	Khurasan	35.59250	63.36670	certain
DIZAH_634E354N_S	دزه	دزه	Dizah	towns	Khurasan	35.42618	63.44735	certain
ARASKAN_634E357N_S	أرسكن	أرسكن	Araskan	waystations	Khurasan	35.74074	63.44735	certain
AMUL_635E390N_S	آمل	آمل	Āmul	towns	Khurasan	39.06795	63.51255	certain
SHURMIN_635E347N_S	شورمين	شورمين	Šūrmīn	towns	Khurasan	34.72729	63.51568	certain
RIBATSHUR_635E350N_S	رباط شور	رباط شور	Ribāṭ Šūr	waystations	Khurasan	35.08069	63.52263	certain
ABSHIN_635E352N_S	أبشين	أبشين	Abšīn	towns	Khurasan	35.24882	63.52800	certain
ASRAB_637E358N_S	الأسراب	الأسراب	al-Asrāb	waystations	Khurasan	35.81599	63.76323	certain
RIBATKARZWAN_638E356N_S	رباط كرزوان	رباط كرزوان	Ribāṭ Karzwān	villages	Khurasan	35.61955	63.81969	certain
KHASHT_639E343N_S	خشت	خشت، خست، خاست، خوشت	Ḫašt	towns	Khurasan	34.34906	63.94658	certain
KANJABADH_639E357N_S	كنجاباذ	كنجاباذ	Kanǧābāḏ	waystations	Khurasan	35.78873	63.98233	certain
TALAQAN_642E357N_S	طلقان	طلقان	Ṭalaqān	towns	Khurasan	35.72328	64.24579	certain
GHARJSHAR_644E348N_R	غرج الشار	غرج الشار، جرجستان	Ġarǧ al-Šār	regions	Khurasan	34.88273	64.44388	certain
KASHAN_645E358N_S	كسحان	كسحان	Kasḥān	waystations	Khurasan	35.88354	64.54957	certain
KANDARAM_646E353N_S	كندرم	كندرم	Kandaram	towns	Khurasan	35.33988	64.60334	certain
YAHUDIYYA_648E359N_S	اليهودية	اليهودية، جكوذان	al-Yahūdiyyaŧ	waystations	Khurasan	35.93470	64.83857	certain
FARIYAB_649E364N_S	فارياب	فارياب	Fāriyāb	towns	Khurasan	36.46025	64.93938	certain
MALIN_650E368N_S	مالن	مالن	Mālin	towns	Khurasan	36.81403	65.07649	certain
JIBALGHUR_650E343N_O	جبل الغور	جبل الغور	Ǧibal al-Ġūr	sites	Khurasan	34.38521	65.09941	certain
JUZJAN_651E357N_R	جوزجان	جوزجان	Ǧūzǧān	regions	Khurasan	35.72110	65.10068	certain
ANDAKHUDH_651E369N_S	أندخوذ	أندخوذ	Andaḫūḏ	towns	Khurasan	36.95541	65.16655	certain
ZAMM_651E378N_S	زم	زم، كركه	Zamm	towns	Khurasan	37.86572	65.19679	certain
QABRGHIYATH_653E375N_S	قبر غياث	قبر غياث، قنى غياث	Qabr Ġiyāṯ	waystations	Khurasan	37.59463	65.31239	certain
QA_653E363N_S	القاء	القاء	al-Qāʾ	waystations	Khurasan	36.35640	65.32516	certain
SHABURQAN_657E366N_S	شبورقان	شبورقان، أشبورقان	Šabūrqān	towns	Khurasan	36.65136	65.78352	certain
JURZUWAN_658E358N_R	الجرزوان	الجرزوان	al-Ǧurzuwān	regions	Khurasan	35.88517	65.87895	certain
JURZUWAN_658E358N_S	الجرزوان	الجرزوان	al-Ǧurzuwān	towns	Khurasan	35.88517	65.87895	certain
ANBAR_659E362N_S	الأنبار	الأنبار	al-Anbār	towns	Khurasan	36.20578	65.94751	certain
SIDRA_662E368N_S	السدرة	السدرة	al-Sidraŧ	waystations	Khurasan	36.83770	66.21231	certain
DASTAJIRDA_666E368N_S	دستجردة	دستجردة	Dastaǧirdaŧ	villages	Khurasan	36.83340	66.64110	certain
BALKH_668E367N_S	بلخ	بلخ	Balḫ	capitals	Khurasan	36.78497	66.88305	certain
BALKH_668E367N_R	بلخ	بلخ	Balḫ	regions	Khurasan	36.78497	66.88305	certain
SHAWKARD_670E370N_S	شوكرد	شوكرد، سياهجرد	Šawkard	villages	Khurasan	37.02037	67.09946	certain
KHULM_677E367N_S	خلم	خلم	Ḫulm	towns	Khurasan	36.74621	67.70299	certain
KAH_677E352N_S	كاه	كاه، جاه	Kāh	towns	Khurasan	35.24443	67.72517	certain
BAMIYAN_678E348N_S	الباميان	الباميان	al-Bāmiyān	capitals	Khurasan	34.84737	67.80206	certain
BAMIYAN_678E348N_R	الباميان	الباميان	al-Bāmiyān	regions	Khurasan	34.84737	67.80206	certain
MADHAR_678E353N_S	مذر	مذر	Maḏar	towns	Khurasan	35.38044	67.85287	certain
SIMINJAN_680E362N_S	سمنجان	سمنجان	Siminǧān	towns	Khurasan	36.22585	68.09011	certain
TUKHARISTAN_686E360N_R	طخارستان	طخارستان	Ṭuḫāristān	regions	Khurasan	36.03586	68.67012	certain
SAKAWAND_687E340N_S	سكاوند	سكاوند	Sakāwand	towns	Khurasan	34.08270	68.74862	certain
BAGHLAN_687E362N_R	بغلان	بغلان	Baġlān	regions	Khurasan	36.23560	68.77093	certain
BAGHLAN_687E362N_S	بغلان	بغلان	Baġlān	towns	Khurasan	36.23560	68.77093	certain
ARHAN_688E372N_S	آرهن	آرهن	Ārhan	towns	Khurasan	37.23952	68.86234	certain
WARWALIJ_688E367N_S	ورواليج	ورواليج، ولواليز	Warwālīǧ	towns	Khurasan	36.78174	68.89729	certain
KABUL_691E345N_S	كابل	كابل	Kābul	towns	Khurasan	34.52442	69.16963	certain
BARWAN_692E351N_S	بروان	بروان، فروان	Barwān	towns	Khurasan	35.17084	69.25887	certain
ANDARAB_693E356N_S	أندراب	أندراب	Andarāb	towns	Khurasan	35.68835	69.36909	certain
TALAQAN_696E367N_S	طالقان	طالقان	Ṭālaqān	towns	Khurasan	36.76021	69.62314	certain
JARBAYA_696E353N_S	جارباية	جارباية	Ǧārbāyaŧ	towns	Khurasan	35.39907	69.62448	certain
BANJAHIR_698E355N_S	بنجهير	بنجهير، بنجر	Banǧahīr	towns	Khurasan	35.51814	69.81804	certain
KUHSIM_705E411N_O	كوه سيم	كوه سيم، جبل الفضة	Kūh Sīm	sites	Transoxiana	41.19160	70.54447	certain
BADHAKHSHAN_707E375N_R	بذخشان	بذخشان	Baḏaḫšān	regions	Khurasan	37.59609	70.79525	certain
SAKALKAND_709E366N_S	سكلكند	سكلكند، إسكلكند	Sakalkand	towns	Khurasan	36.65244	70.91488	certain
JIRM_709E368N_S	جرم	جرم	Ǧirm	towns	Khurasan	36.80704	70.92564	certain
WAKHKHAN_723E370N_R	وخان	وخان	Waḫḫān	regions	Khurasan	37.03915	72.31013	certain
BAYRUT_479E320N_S	بيروت	بيروت	Bayrūt	towns	Khuzistan	32.06082	47.90375	certain
FAMADUDI_481E304N_W	فم العضدي	فم العضدي	Fam al-ʿAḍudī	waters	Khuzistan	30.41602	48.14211	certain
KARJA_481E324N_S	كرجة	كرجة، كرخة	Karǧaŧ	towns	Khuzistan	32.46817	48.14577	certain
NAHRSUS_482E321N_W	نهر سوس	نهر سوس	Nahr Sūs	waters	Khuzistan	32.16186	48.20426	certain
SUS_482E322N_S	سوس	سوس	Sūs	capitals	Khuzistan	32.20166	48.26047	certain
SUS_482E322N_R	سوس	سوس	Sūs	regions	Khuzistan	32.20166	48.26047	certain
LUR_483E325N_R	اللور	اللور	al-Lūr	regions	Khuzistan	32.53782	48.30291	certain
BASINNA_483E319N_S	بصنا	بصنا	Baṣinnā	towns	Khuzistan	31.99567	48.30405	certain
HISNMAHDI_483E305N_S	حصن مهدي	حصن مهدي	Ḥiṣn Mahdī	towns	Khuzistan	30.52571	48.33301	certain
NAHRTIRA_483E314N_S	نهر تيرا	نهر تيرا، نهر تيرين	Nahr Tīrā	towns	Khuzistan	31.46790	48.38090	certain
DIZ_484E323N_S	الدز	الدز، دزفول	al-Diz	towns	Khuzistan	32.38975	48.42219	certain
DIZ_484E329N_S	الدز	الدز، قنطرة أندامش	al-Diz	villages	Khuzistan	32.98650	48.45021	certain
SUQARBAA_485E309N_S	سوق الأربعاء	سوق الأربعاء	Sūq al-Arbaʿāʾ	towns	Khuzistan	30.94139	48.52390	certain
MANADHIR_485E313N_R	مناذر	مناذر	Manāḏir	regions	Khuzistan	31.39058	48.53345	certain
JUNDAYSABUR_485E322N_S	جنديسابور	جنديسابور	Ǧundaysābūr	capitals	Khuzistan	32.29866	48.53919	certain
JUNDAYSABUR_485E322N_R	جنديسابور	جنديسابور	Ǧundaysābūr	regions	Khuzistan	32.29866	48.53919	certain
AHWAZ_486E313N_S	الأهواز	الأهواز، سوق الأهواز	al-Ahwāz	metropoles	Khuzistan	31.32986	48.69059	certain
AHWAZ_486E313N_R	الأهواز	الأهواز، سوق الأهواز	al-Ahwāz	regions	Khuzistan	31.32986	48.69059	certain
BASIYAN_487E306N_S	باسيان	باسيان	Bāsiyān	towns	Khuzistan	30.65916	48.77033	certain
SHURAB_487E312N_S	شوراب	شوراب	Šūrāb	towns	Khuzistan	31.20731	48.79726	certain
KHANMAZDAWAYHI_488E307N_S	خن مزدويهي	خن مزدويهي، خان مردويه	Ḫan Mazdawayhī	waystations	Khuzistan	30.73079	48.83628	certain
NAHRTUSTAR_488E318N_W	نهر تستر	نهر تستر	Nahr Tustar	waters	Khuzistan	31.88178	48.84200	certain
TUSTAR_488E320N_S	تستر	تستر، ششتر	Tustar	capitals	Khuzistan	32.05110	48.85461	certain
TUSTAR_488E320N_R	تستر	تستر، ششتر	Tustar	regions	Khuzistan	32.05110	48.85461	certain
MANDAM_488E310N_S	مندم	مندم، بندم	Mandam	waystations	Khuzistan	31.02269	48.88100	certain
ASKARMUKRAM_488E316N_S	عسكر مكرم	عسكر مكرم	ʿAskar Mukram	capitals	Khuzistan	31.66531	48.89820	certain
ASKARMUKRAM_488E316N_R	عسكر مكرم	عسكر مكرم	ʿAskar Mukram	regions	Khuzistan	31.66531	48.89820	certain
DAWRAQ_489E308N_S	الدورق	الدورق، السراق	al-Dawraq	capitals	Khuzistan	30.81069	48.92625	certain
DAWRAQ_489E308N_R	الدورق	الدورق، السراق	al-Dawraq	regions	Khuzistan	30.81069	48.92625	certain
NAHRMASHRUQAN_490E317N_W	نهر مشرقان	نهر مشرقان، مسروقان	Nahr Mašruqān	waters	Khuzistan	31.76776	49.01519	certain
AZAM_490E312N_S	أزم	أزم، أجم	Azam	towns	Khuzistan	31.24752	49.04158	certain
ABDIN_493E312N_S	عبدين	عبدين	ʿAbdīn	waystations	Khuzistan	31.22889	49.31456	certain
DAYRA_493E307N_S	ديرة	ديرة	Dayraŧ	waystations	Khuzistan	30.78178	49.32901	certain
BAHRFARIS_493E299N_W	بحر فارس	بحر فارس	Baḥr Fāris	waters	Khuzistan	29.93795	49.34418	certain
RAMHURMUZ_496E312N_S	رام هرمز	رام هرمز، رامهرمز	Rām Hurmuz	capitals	Khuzistan	31.28576	49.60131	certain
RAMHURMUZ_496E312N_R	رام هرمز	رام هرمز، رامهرمز	Rām Hurmuz	regions	Khuzistan	31.28576	49.60131	certain
ASAK_496E307N_S	آسك	آسك	Āsak	villages	Khuzistan	30.73130	49.69307	certain
HAWMAZUTT_497E310N_S	حومة الزط	حومة الزط، الزط	Ḥawmaŧ al-Zuṭṭ	capitals	Khuzistan	31.05807	49.71372	certain
HAWMAZUTT_497E310N_R	حومة الزط	حومة الزط، الزط	Ḥawmaŧ al-Zuṭṭ	regions	Khuzistan	31.05807	49.71372	certain
KHABARAN_498E309N_S	الخابران	الخابران	al-Ḫābarān	waystations	Khuzistan	30.96763	49.80777	certain
TIRAM_498E313N_S	تيرم	تيرم	Tīram	waystations	Khuzistan	31.39156	49.82612	certain
JAYZAN_498E308N_R	الجايزن	الجايزن	al-Ǧāyzan	regions	Khuzistan	30.88498	49.83759	certain
JAYZAN_498E308N_S	الجايزن	الجايزن	al-Ǧāyzan	towns	Khuzistan	30.88498	49.83759	certain
IDHAJ_498E318N_S	إيذج	إيذج	Īḏaǧ	towns	Khuzistan	31.85548	49.87086	certain
BAZIR_498E316N_S	بازير	بازير، بازنك	Bāzīr	towns	Khuzistan	31.64090	49.89265	certain
GHARWA_498E315N_S	غروة	غروة، عروة	Ġarwaŧ	towns	Khuzistan	31.54027	49.89724	certain
BADAH_499E312N_S	بده	بده	Badah	waystations	Khuzistan	31.29164	49.96262	certain
DAHLIZAN_499E307N_S	دهليزان	دهليزان	Dahlīzān	waystations	Khuzistan	30.77763	49.97179	certain
SANBIL_501E307N_S	سنبيل	سنبيل، سوق سنبيل	Sanbīl	towns	Khuzistan	30.72440	50.14499	certain
JISRJAHANNAM_502E314N_S	جسر جهنم	جسر جهنم	Ǧisr Ǧahannam	waystations	Khuzistan	31.47670	50.23675	certain
RUSTAJIRD_502E317N_S	رستجرد	رستجرد، الدز	Rustaǧird	waystations	Khuzistan	31.71801	50.29984	certain
BUWAYN_506E319N_S	بوين	بوين	Buwayn	waystations	Khuzistan	31.93047	50.60379	certain
SAWJAR_508E320N_S	سوجر	سوجر	Sawǧar	waystations	Khuzistan	32.09289	50.84351	certain
RIBATBARAKAN_512E320N_S	رباط باركان	رباط باركان	Ribāṭ Bārakān	waystations	Khuzistan	32.01123	51.21056	certain
SARMAQAN_548E296N_S	سرمقان	سرمقان، جرمقان، رباط سرمقان	Sarmaqān	waystations	Kirman	29.63539	54.80361	certain
KHUSHNABADH_552E287N_S	خشناباذ	خشناباذ، حسناباذ	Ḫušnābāḏ	waystations	Kirman	28.71262	55.24354	certain
RIBATBUSHTKHAMM_552E295N_S	رباط بشت خم	رباط بشت خم	Ribāṭ Bušt Ḫamm	waystations	Kirman	29.56070	55.28258	certain
KAHUN_553E288N_S	كاهون	كاهون	Kāhūn	towns	Kirman	28.87915	55.33985	certain
BIMAND_555E296N_S	بيمند	بيمند	Bīmand	towns	Kirman	29.66254	55.59756	certain
KURDAKAN_556E297N_S	كردكان	كردكان	Kurdakān	villages	Kirman	29.79365	55.67825	certain
SIRJAN_557E294N_S	السيرجان	السيرجان	al-Sīrǧān	metropoles	Kirman	29.46102	55.74854	certain
SIRJAN_557E294N_R	السيرجان	السيرجان	al-Sīrǧān	regions	Kirman	29.46102	55.74854	certain
BAHAWADH_559E318N_S	بهاوذ	بهاوذ	Bahāwaḏ	towns	Kirman	31.83238	55.96459	certain
SHAMAT_560E297N_S	الشامات	الشامات	al-Šāmāt	towns	Kirman	29.76249	56.01438	certain
DIHBARIST_561E277N_S	ده بارست	ده بارست، ده رويست	Dih Bārist	villages	Kirman	27.77410	56.13806	certain
DASHTBARIN_561E284N_S	دشت برين	دشت برين	Dašt Barīn	towns	Kirman	28.40625	56.14160	certain
BAKHTA_561E291N_S	باختة	باختة، ناجت	Bāḫtaŧ	towns	Kirman	29.12939	56.16823	certain
KUHBAYAN_562E313N_S	كوه بيان	كوه بيان	Kūh Bayān	towns	Kirman	31.38012	56.29779	certain
KASHISTAN_562E281N_S	كشستان	كشستان	Kašistān	waystations	Kirman	28.11572	56.29939	certain
KHABR_563E288N_S	خبر	خبر	Ḫabr	towns	Kirman	28.85863	56.31341	certain
BAHAR_563E298N_S	بهار	بهار	Bahār	towns	Kirman	29.88550	56.35225	certain
JIRUQAN_564E280N_S	جيروقان	جيروقان	Ǧīrūqān	villages	Kirman	28.02089	56.46959	certain
ZARAND_565E308N_S	زرند	زرند	Zarand	towns	Kirman	30.82737	56.59714	certain
KARISTAN_566E297N_S	كرستان	كرستان	Karistān	towns	Kirman	29.71010	56.61470	certain
KHANNAB_567E298N_S	خناب	خناب	Ḫannāb	towns	Kirman	29.85672	56.71727	certain
MARZAQAN_567E279N_S	مرزقان	مرزقان	Marzaqān	villages	Kirman	27.96611	56.75347	certain
FIRZIN_567E299N_S	فرزين	فرزين، فردين	Firzīn	villages	Kirman	29.95407	56.77211	certain
JIBALMADINFIDDA_568E291N_O	جبال معدن الفضة	جبال معدن الفضة	Ǧibāl Maʿdin al-Fiḍḍaŧ	sites	Kirman	29.17945	56.81984	certain
ZAWAR_568E312N_S	زاور	زاور، روار	Zāwar	towns	Kirman	31.24891	56.87568	certain
JANZARUDH_569E306N_S	جنزروذ	جنزروذ، جاترود	Ǧanzarūḏ	towns	Kirman	30.67077	56.92513	certain
HURMUZ_569E270N_S	هرموز	هرموز	Hurmūz	towns	Kirman	27.09940	56.94955	certain
GHUBAYRA_569E297N_S	غبيراء	غبيراء	Ġubayrāʾ	towns	Kirman	29.72844	56.97972	certain
ARDAKAN_570E279N_S	أردكان	أردكان، سوركان	Ardakān	towns	Kirman	27.93413	57.01290	certain
KUGHUN_570E296N_S	كوغون	كوغون	Kūġūn	towns	Kirman	29.61836	57.06721	certain
BARDASIR_571E303N_S	بردسير	بردسير، بردشير، كوشير	Bardasīr	villages	Kirman	30.30962	57.10475	certain
KUMIZ_572E277N_S	كوميز	كوميز، كومين، كومير	Kūmīz	waystations	Kirman	27.79812	57.22106	certain
WALASHJIRD_572E280N_S	ولاشجرد	ولاشجرد	Walāšǧird	towns	Kirman	28.00340	57.27536	certain
MAHAN_573E301N_S	ماهان	ماهان	Māhān	towns	Kirman	30.11166	57.31039	certain
JAKIN_574E272N_S	جكين	جكين	Ǧakīn	towns	Kirman	27.22823	57.46843	certain
DARBANA_574E290N_S	الدربانى	الدربانى، الدرفانى، شعب درفارد	al-Darbāná	towns	Kirman	29.06085	57.48653	certain
RAIN_574E296N_S	رائن	رائن، راين	Rāʾin	towns	Kirman	29.61311	57.49859	certain
MANUQAN_575E274N_S	منوقان	منوقان، منوجان	Manūqān	towns	Kirman	27.45601	57.56194	certain
KATHRUWA_577E301N_S	كثروا	كثروا	Kaṯruwā	towns	Kirman	30.11166	57.70606	certain
RUDHBAR_577E278N_R	رذبار	رذبار، رذبال	Ruḏbār	regions	Kirman	27.82747	57.73088	certain
KHABIS_577E304N_S	خبيص	خبيص	Ḫabīṣ	towns	Kirman	30.46232	57.75292	certain
KUHBARJAN_577E276N_S	كوه برجان	كوه برجان	Kūh Barǧān	towns	Kirman	27.67797	57.75501	certain
KUK_577E298N_S	كوك	كوك	Kūk	towns	Kirman	29.86457	57.76105	certain
MIJAN_577E284N_S	الميجن	الميجن، الميزن	al-Mīǧan	villages	Kirman	28.45204	57.76854	certain
MAGHUN_577E279N_S	مغون	مغون	Maġūn	towns	Kirman	27.97676	57.78820	certain
JIRUFT_578E286N_S	جيرفت	جيرفت	Ǧīruft	capitals	Kirman	28.69436	57.80498	certain
TUSHTAN_578E294N_S	توشتان	توشتان	Tūštān	towns	Kirman	29.42410	57.80931	certain
BAS_578E270N_S	باس	باس	Bās	towns	Kirman	27.01075	57.81535	certain
SARWISTAN_578E292N_S	سرويستان	سرويستان	Sarwīstān	towns	Kirman	29.27422	57.89378	certain
NAHRHARIRUDH_579E284N_W	نهر هريروذ	نهر هريروذ	Nahr Harīrūḏ	waters	Kirman	28.43830	57.90910	certain
HURMUZMALIK_579E290N_S	هرمز الملك	هرمز الملك، قرية الجوز	Hurmuz al-Malik	towns	Kirman	29.01602	57.92696	certain
AWARIK_579E293N_S	أوارك	أوارك	Awārik	towns	Kirman	29.32947	57.95411	certain
NASHK_580E297N_S	نشك	نشك	Našk	towns	Kirman	29.70224	58.03255	certain
DARJIN_581E292N_S	درجين	درجين	Darǧīn	towns	Kirman	29.20052	58.17433	certain
JUWISULAYMAN_581E281N_S	جوي سليمان	جوي سليمان	Ǧuwī Sulaymān	towns	Kirman	28.12851	58.18338	certain
KASHID_582E297N_S	كشيد	كشيد	Kašīd	towns	Kirman	29.71534	58.26785	certain
JIBALBARIZ_582E286N_O	جبال البارز	جبال البارز	Ǧibāl al-Bāriz	sites	Kirman	28.67780	58.29802	certain
BAMM_583E291N_S	بم	بم	Bamm	capitals	Kirman	29.10304	58.34327	certain
KURK_584E288N_S	كرك	كرك، جرج	Kurk	towns	Kirman	28.88667	58.49109	certain
NARMASIR_586E289N_S	نرماسير	نرماسير	Narmāsīr	capitals	Kirman	28.98436	58.64795	certain
RIQAN_587E286N_S	ريقان	ريقان، ريكان	Rīqān	towns	Kirman	28.65133	58.73846	certain
FAHRAJ_588E289N_S	الفهرج	الفهرج	al-Fahraǧ	towns	Kirman	28.97908	58.88326	certain
KAJ_513E349N_S	كاج	كاج	Kāǧ	waystations	Mafaza	34.92405	51.31000	certain
HISNBADRA_514E333N_S	حصن بدرة	حصن بدرة	Ḥiṣn Badraŧ	waystations	Mafaza	33.39951	51.46355	certain
RIBATIBNRUSTAM_514E330N_S	رباط إبن رستم	رباط إبن رستم	Ribāṭ Ibn Rustam	waystations	Mafaza	33.07845	51.48549	certain
DAYRJISS_516E350N_S	دير الجص	دير الجص	Dayr al-Ǧiṣṣ	waystations	Mafaza	35.08576	51.61984	certain
DANJI_516E329N_S	دانجي	دانجي	Dānǧī	waystations	Mafaza	32.90827	51.67468	certain
SAKSH_521E326N_S	سكش	سكش	Sakš	waystations	Mafaza	32.69688	52.12330	certain
KARKASKUH_522E328N_O	كركس كوه	كركس كوه	Karkas Kūh	sites	Mafaza	32.89927	52.24892	certain
SIYAHKUH_522E345N_O	سياه كوه	سياه كوه	Siyāh Kūh	sites	Mafaza	34.57768	52.27735	certain
RAKUNIN_527E326N_S	ركونين	ركونين	Rakūnīn	waystations	Mafaza	32.66383	52.72262	certain
NAIN_531E328N_S	نائين	نائين	Nāʾīn	waystations	Mafaza	32.84212	53.11258	certain
KUSHKAN_533E327N_S	كشكان	كشكان	Kuškān	waystations	Mafaza	32.70128	53.32456	certain
QARYAMAJUS_541E317N_S	قرية المجوس	قرية المجوس	Qaryaŧ al-Maǧūs	waystations	Mafaza	31.74166	54.19969	certain
ANJIRA_544E321N_S	أنجيرة	أنجيرة	Anǧīraŧ	villages	Mafaza	32.14014	54.41329	certain
KHAZANA_546E323N_S	خزانة	خزانة، خرانة	Ḫazānaŧ	villages	Mafaza	32.32168	54.65669	certain
JARMAQ_549E335N_S	جرمق	جرمق	Ǧarmaq	waystations	Mafaza	33.55385	54.93672	certain
SAGHAND_552E325N_S	ساغند	ساغند	Sāġand	waystations	Mafaza	32.52933	55.21675	certain
BUSHTBADHAM_554E330N_S	بشت باذام	بشت باذام	Bušt Bāḏām	waystations	Mafaza	33.02224	55.41827	certain
HAWDHAJIB_554E335N_S	حوض الحاجب	حوض الحاجب	Ḥawḍ al-Ḥāǧib	waystations	Mafaza	33.57348	55.43921	certain
RIBATABSHUTURAN_559E332N_S	رباط آب شتران	رباط آب شتران، خان أشتران	Ribāṭ Āb Šuturān	waystations	Mafaza	33.24359	55.93385	certain
MUHALLABI_561E334N_S	المهلبي	المهلبي	al-Muhallabī	waystations	Mafaza	33.40323	56.18509	certain
HULWAN_562E339N_S	حلوان	حلوان	Ḥulwān	waystations	Mafaza	33.94771	56.22435	certain
RIBATKHURAN_564E337N_S	رباط خوران	رباط خوران، رباط كوران	Ribāṭ Ḫūrān	waystations	Mafaza	33.73469	56.45466	certain
NUJAY_564E341N_S	نجاي	نجاي، نوخاني	Nuǧāy	waystations	Mafaza	34.11501	56.48900	certain
DASKARDAN_566E342N_S	دسكردان	دسكردان، دسكروان	Daskardān	waystations	Mafaza	34.25952	56.60995	certain
DARZINAK_567E343N_S	درزينك	درزينك	Darzīnak	waystations	Mafaza	34.30394	56.73090	certain
ATASHKAHAN_567E336N_S	أتشكهان	أتشكهان	Ataškahān	villages	Mafaza	33.67155	56.78965	certain
SARISH_567E338N_S	سريش	سريش	Sarīš	waystations	Mafaza	33.89125	56.79227	certain
BUSTADARAN_568E341N_S	بستداران	بستداران	Bustadārān	waystations	Mafaza	34.16617	56.87872	certain
TABASJILAKI_569E335N_S	طبس جيلكي	طبس جيلكي، طبس التمر	Ṭabas Ǧīlakī	towns	Mafaza	33.58656	56.94144	certain
BANNA_569E344N_S	بنة	بنة، بن	Bannaŧ	waystations	Mafaza	34.42374	56.97011	certain
KURI_571E333N_S	كري	كري، كرين	Kurī	villages	Mafaza	33.37701	57.18746	certain
GHAMRSURKH_572E318N_S	غمر سرخ	غمر سرخ	Ġamr Surḫ	waystations	Mafaza	31.88986	57.21668	certain
ABSHUR_574E326N_S	آب شور	آب شور	Āb Šūr	waystations	Mafaza	32.65943	57.40729	certain
RIBATZANJI_574E348N_S	رباط زنجي	رباط زنجي	Ribāṭ Zanǧī	waystations	Mafaza	34.84612	57.43239	certain
BIRBAR_575E321N_S	بئر بر	بئر بر، جاه بر	Biʾr Bar	waystations	Mafaza	32.13350	57.50413	certain
NABAND_575E323N_S	نابند	نابند	Nāband	villages	Mafaza	32.33053	57.58788	certain
DARKUJUWI_577E307N_S	دركوجوي	دركوجوي	Darkūǧuwī	waystations	Mafaza	30.76476	57.77635	certain
SHURIRUDH_577E312N_S	شورروذ	شورروذ، شور دوازدة	Šūrirūḏ	waystations	Mafaza	31.27116	57.78936	certain
BARISK_582E314N_S	بارسك	بارسك	Bārisk	waystations	Mafaza	31.41567	58.27354	certain
KHUR_584E329N_S	خور	خور	Ḫūr	towns	Mafaza	32.93881	58.45153	certain
NIMA_585E316N_S	نيمة	نيمة	Nīmaŧ	waystations	Mafaza	31.68852	58.52604	certain
DARISTAN_587E292N_S	دارستان	دارستان	Dāristān	villages	Mafaza	29.22421	58.76561	certain
HAWD_587E319N_S	الحوض	الحوض	al-Ḥawḍ	waystations	Mafaza	31.90091	58.78635	certain
KUKUR_588E326N_S	كوكور	كوكور	Kūkūr	villages	Mafaza	32.62196	58.85980	certain
RASMA_588E324N_S	رأس الماء	رأس الماء	Raʾs al-Māʾ	waystations	Mafaza	32.43440	58.87027	certain
KHAWST_588E327N_S	خوست	خوست	Ḫawst	villages	Mafaza	32.77833	58.87551	certain
QARYASALM_592E312N_S	قرية سلم	قرية سلم	Qaryaŧ Salm	waystations	Mafaza	31.25781	59.28094	certain
ISBIDH_599E299N_S	إسبيذ	إسبيذ، إسفيد، سبيذ، سفيد، سبيج، سنيج	Isbīḏ	towns	Mafaza	29.91949	59.96927	certain
TABASMASINAN_602E328N_S	طبس مسينان	طبس مسينان، طبس العناب	Ṭabas Masīnān	towns	Mafaza	32.81573	60.20763	certain
WAHRAN_006W357N_S	وهران	وهران	Wahrān	towns	Maghrib	35.70565	-0.61866	certain
ASLAN_011W354N_S	آسلان	آسلان، واسلان	Āslān	towns	Maghrib	35.45814	-1.16486	certain
TILIMSAN_013W348N_S	تلمسان	تلمسان	Tilimsān	towns	Maghrib	34.88186	-1.32364	certain
ARJIKUK_014W352N_S	أرجكوك	أرجكوك، الشقور	Arǧikūk	towns	Maghrib	35.28205	-1.45702	certain
MADINAALAWIYYIN_016W347N_S	مدينة علويين	مدينة علويين	Madīnaŧ ʿAlawiyyīn	towns	Maghrib	34.73932	-1.65814	certain
FALUSAN_017W350N_S	فالوسن	فالوسن، قصر الفلوس	Fālūsan	towns	Maghrib	35.03281	-1.75553	certain
GHUZZA_019W350N_S	غزة	غزة	Ġuzzaŧ	towns	Maghrib	35.06747	-1.92701	certain
JARAWAABUAYSH_022W350N_S	جراوة أبو العيش	جراوة أبو العيش	Ǧarāwaŧ Abū al-ʿAyš	towns	Maghrib	35.09519	-2.28691	certain
SA_028W344N_S	صاع	صاع	Ṣāʿ	towns	Maghrib	34.41816	-2.89875	certain
AMLIL_029W352N_S	أمليل	أمليل	Amlīl	towns	Maghrib	35.29761	-2.96861	certain
TABARIDA_033W343N_S	تابريدا	تابريدا	Tābarīdā	towns	Maghrib	34.32074	-3.30734	certain
WADIMALWIYYA_036W333N_W	وادي ملوية	وادي ملوية	Wādī Malwiyyaŧ	waters	Maghrib	33.37702	-3.64184	certain
WADIMASUN_036W344N_W	وادي مسون	وادي مسون	Wādī Masūn	waters	Maghrib	34.42515	-3.67995	certain
HAJARNASR_039W352N_S	هجر النصر	هجر النصر، قلعة النسور، ناكور، نكور	Haǧar al-Naṣr	towns	Maghrib	35.22154	-3.90859	certain
KAZANNAYA_039W346N_S	كزناية	كزناية	Kazannāyaŧ	towns	Maghrib	34.66535	-3.92129	certain
TIZA_040W342N_S	تيزا	تيزا، تازة	Tīzā	towns	Maghrib	34.22102	-4.02927	certain
SIJILMASA_042W312N_S	سجلماسة	سجلماسة	Siǧilmāsaŧ	capitals	Maghrib	31.27819	-4.23723	certain
SIJILMASA_042W312N_R	سجلماسة	سجلماسة	Siǧilmāsaŧ	regions	Maghrib	31.27819	-4.23723	certain
QALAKARMATA_043W341N_S	قلعة كرماطة	قلعة كرماطة، كرماطة	Qalʿaŧ Karmāṭaŧ	villages	Maghrib	34.19475	-4.31719	certain
WADIINAWAN_043W342N_W	وادي إيناون	وادي إيناون	Wādī Īnāwan	waters	Maghrib	34.24946	-4.39975	certain
WADIZIZ_044W318N_W	وادي زيز	وادي زيز	Wādī Zīz	waters	Maghrib	31.87198	-4.48761	certain
ARISH_045W323N_S	عريش	عريش	ʿArīš	towns	Maghrib	32.30201	-4.52149	certain
MATMATA_045W341N_S	مطماطة	مطماطة	Maṭmāṭaŧ	towns	Maghrib	34.11636	-4.53948	certain
NAMALATA_046W341N_S	نمالتة	نمالتة	Namālataŧ	towns	Maghrib	34.13739	-4.62840	certain
BALADGHUMAR_047W351N_S	بلد غمار	بلد غمار	Balad Ġumār	towns	Maghrib	35.19603	-4.70461	certain
FAS_050W340N_S	فاس	فاس	Fās	capitals	Maghrib	34.06727	-5.02852	certain
WADIWARGHA_053W344N_W	وادي ورغة	وادي ورغة	Wādī Warġaŧ	waters	Maghrib	34.49584	-5.30163	certain
SABTA_053W358N_S	سبتة	سبتة	Sabtaŧ	towns	Maghrib	35.86107	-5.33338	certain
SANHAJA_055W352N_S	صنهاجة	صنهاجة	Ṣanhāǧaŧ	towns	Maghrib	35.29674	-5.52392	certain
MIKNASA_055W339N_S	مكناسة	مكناسة	Miknāsaŧ	towns	Maghrib	33.91455	-5.56626	certain
WALILA_056W340N_S	وليلة	وليلة	Walīlaŧ	towns	Maghrib	34.09883	-5.60437	certain
WADISAFDAD_057W349N_W	وادي سفدد	وادي سفدد	Wādī Safdad	waters	Maghrib	34.99380	-5.76527	certain
KURT_058W345N_S	كرت	كرت	Kurt	towns	Maghrib	34.59132	-5.83301	certain
TANJA_058W357N_S	تنجة	تنجة	Tanǧaŧ	towns	Maghrib	35.77868	-5.84572	certain
NAHHASIN_058W311N_S	النحاسين	النحاسين	al-Naḥḥāsīn	villages	Maghrib	31.13962	-5.84677	certain
BASRA_058W348N_S	بصرة	بصرة	Baṣraŧ	towns	Maghrib	34.82887	-5.88806	certain
TUSHUMMUS_059W350N_S	تشمس	تشمس	Tušummus	towns	Maghrib	35.07007	-5.95157	certain
TUSHUMMUS_059W350N_W	تشمس	تشمس	Tušummus	waters	Maghrib	35.07007	-5.95157	certain
AZILA_059W355N_S	أزيلة	أزيلة	Azīlaŧ	towns	Maghrib	35.58306	-5.97486	certain
WADISABU_059W344N_W	وادي سبو	وادي سبو	Wādī Sabū	waters	Maghrib	34.45352	-5.98544	certain
BUHAYRAARYAGH_064W345N_W	بحيرة أرياغ	بحيرة أرياغ، بحيرة الرغة	Buḥayraŧ Aryāġ	waters	Maghrib	34.55645	-6.48719	certain
SALA_067W340N_S	سلا	سلا	Salā	towns	Maghrib	34.04753	-6.79416	certain
RIBAT_068W339N_S	رباط	رباط	Ribāṭ	villages	Maghrib	33.99489	-6.88943	certain
TANDALI_071W317N_S	تندلي	تندلي	Tandalī	towns	Maghrib	31.78429	-7.17841	certain
WADIDARA_074W309N_W	وادي درعة	وادي درعة	Wādī Darʿaŧ	waters	Maghrib	30.93544	-7.42487	certain
WARIKA_076W314N_S	وريكة	وريكة، أغمات وريكة	Warīkaŧ	towns	Maghrib	31.44535	-7.63570	certain
AYLAN_076W314N_S	أيلان	أيلان، أغمات أيلا، أغمات ويلا	Aylān	towns	Maghrib	31.49952	-7.69710	certain
WADIDARA_080W291N_W	وادي درعة	وادي درعة	Wādī Darʿaŧ	waters	Maghrib	29.19903	-8.07804	certain
TARQALA_088W305N_S	ترقالة	ترقالة	Tarqālaŧ	capitals	Maghrib	30.50052	-8.84130	certain
MASSA_096W300N_S	ماسة	ماسة	Māssaŧ	towns	Maghrib	30.06450	-9.64810	certain
FAKKAN_000E352N_S	فكان	فكان، أفكان	Fakkān	towns	Maghrib	35.21592	0.05881	certain
HUWARA_004E355N_S	هوارة	هوارة	Huwāraŧ	towns	Maghrib	35.55078	0.44200	certain
BATHA_006E357N_S	البطحة	البطحة	al-Baṭḥaŧ	towns	Maghrib	35.78297	0.60289	certain
MINDAS_008E356N_S	منداس	منداس	Mindās	towns	Maghrib	35.67814	0.82730	certain
GHUZZA_010E361N_S	الغزة	الغزة	al-Ġuzzaŧ	towns	Maghrib	36.11161	1.09406	certain
TAJANNA_013E363N_S	تجنة	تجنة	Taǧannaŧ	towns	Maghrib	36.34557	1.35022	certain
TAHIRT_013E353N_S	تاهرت	تاهرت	Tāhirt	capitals	Maghrib	35.36971	1.36504	certain
TAHIRT_013E353N_R	تاهرت	تاهرت	Tāhirt	regions	Maghrib	35.36971	1.36504	certain
TANAS_013E364N_S	تنس	تنس	Tanas	towns	Maghrib	36.49038	1.37563	certain
WADISHALIF_014E362N_W	وادي شلف	وادي شلف	Wādī Šalif	waters	Maghrib	36.21758	1.45396	certain
MATMATA_019E359N_R	مطماطة	مطماطة	Maṭmāṭaŧ	regions	Maghrib	35.95410	1.90701	certain
ZAYTUNA_101E343N_S	الزيتونة	الزيتونة، عين زيتونة، بئر زيتونة	al-Zaytūnaŧ	waystations	Maghrib	34.35352	10.10538	certain
ZAGHWAN_101E364N_S	زغوان	زغوان	Zaġwān	towns	Maghrib	36.40097	10.13608	certain
QAYRAWAN_101E357N_S	القيروان	القيروان	al-Qayrawān	capitals	Maghrib	35.70049	10.14137	certain
TUNIS_101E367N_S	تونس	تونس	Tūnis	towns	Maghrib	36.77071	10.17736	certain
QARTAJANNA_102E368N_S	قرطاجنة	قرطاجنة	Qarṭāǧannaŧ	towns	Maghrib	36.87916	10.26628	certain
KATANA_102E336N_S	كتانة	كتانة	Katānaŧ	waystations	Barqa	33.69175	10.27879	certain
AWDHANA_102E365N_S	أوذنة	أوذنة	Awḏanaŧ	towns	Maghrib	36.59668	10.28004	certain
SUSA_106E358N_S	سوسة	سوسة	Sūsaŧ	towns	Maghrib	35.81044	10.61560	certain
QABISHA_106E348N_R	قبيشة	قبيشة	Qabīšaŧ	regions	Maghrib	34.83148	10.68123	certain
ASFAQUS_108E347N_S	أسفاقس	أسفاقس	Asfāqus	towns	Maghrib	34.77411	10.80190	certain
MUNASTIR_108E357N_S	منستير	منستير	Munastīr	towns	Maghrib	35.75548	10.80402	certain
MANZILBASHU_109E367N_S	منزل باشو	منزل باشو	Manzil Bāšū	towns	Maghrib	36.72745	10.94269	certain
JAZIRAABUSHARIK_109E370N_S	جزيرة أبو شريك	جزيرة أبو شريك	Ǧazīraŧ Abū Šarīk	towns	Maghrib	37.03058	10.99773	certain
MAHDIYYA_110E354N_S	مهدية	مهدية	Mahdiyyaŧ	towns	Maghrib	35.49133	11.05807	certain
JABALNAFUSA_113E318N_O	جبل نفوسة	جبل نفوسة	Ǧabal Nafūsaŧ	sites	Maghrib	31.81241	11.37139	certain
BANUWARIFAN_020E362N_S	بنو واريفن	بنو واريفن	Banū Wārīfan	villages	Maghrib	36.21928	2.02980	certain
MILIYANA_022E362N_S	مليانة	مليانة	Miliyānaŧ	towns	Maghrib	36.27861	2.22246	certain
ASHRASHAL_022E365N_S	أشرشال	أشرشال	Ašrašāl	towns	Maghrib	36.54100	2.25421	certain
SUQKARA_026E361N_S	سوق كرا	سوق كرا	Sūq Karā	towns	Maghrib	36.10305	2.69033	certain
MATTIJA_028E365N_S	متيجة	متيجة	Mattīǧaŧ	towns	Maghrib	36.59413	2.84276	certain
JAZIRABANUZAGHANNAYA_030E367N_S	جزيرة بنو زغناية	جزيرة بنو زغناية	Ǧazīraŧ Banū Zaġannāyaŧ	towns	Maghrib	36.70793	3.09046	certain
ASHIR_031E357N_S	عشير	عشير	ʿAšīr	towns	Maghrib	35.70178	3.16032	certain
WADIMALIH_031E361N_W	وادي المالح	وادي المالح	Wādī al-Māliḥ	waters	Maghrib	36.10990	3.18573	certain
TAMADFUS_032E367N_S	تامدفوس	تامدفوس	Tāmadfūs	towns	Maghrib	36.73508	3.28946	certain
MARSADAJJAJ_035E367N_S	مرسى الدجاج	مرسى الدجاج	Marsá al-Daǧǧāǧ	towns	Maghrib	36.73169	3.58797	certain
SUQHAMZA_039E363N_S	سوق حمزة	سوق حمزة	Sūq Ḥamzaŧ	towns	Maghrib	36.36220	3.91612	certain
MASILA_045E356N_S	المسيلة	المسيلة	al-Masīlaŧ	towns	Maghrib	35.66309	4.53218	certain
MAQQARA_050E355N_S	مقرة	مقرة	Maqqaraŧ	towns	Maghrib	35.54259	5.02970	certain
BAJAYA_050E367N_S	بجاية	بجاية	Baǧāyaŧ	towns	Maghrib	36.70199	5.04769	certain
TUBNA_053E353N_S	طبنة	طبنة	Ṭubnaŧ	towns	Maghrib	35.32395	5.35573	certain
TAWLAQA_053E346N_S	طولقا	طولقا	Ṭawlaqā	towns	Maghrib	34.69495	5.38113	certain
SATIF_054E361N_S	سطيف	سطيف	Saṭīf	towns	Maghrib	36.15863	5.40760	certain
JAMILA_056E362N_S	جميلا	جميلا	Ǧamīlā	towns	Maghrib	36.24063	5.60237	certain
BANTIYUS_056E346N_S	بنطيوس	بنطيوس	Banṭiyūs	towns	Maghrib	34.67928	5.60554	certain
NIQAWUS_057E355N_S	نقاوس	نقاوس	Niqāwus	towns	Maghrib	35.58177	5.70399	certain
JIJIL_057E367N_S	جيجل	جيجل	Ǧīǧil	towns	Maghrib	36.77325	5.71881	certain
BISKARA_057E348N_S	بسكرة	بسكرة	Biskaraŧ	towns	Maghrib	34.84755	5.72622	certain
TAHUDHA_058E347N_S	تهوذا	تهوذا	Tahūḏā	towns	Maghrib	34.79932	5.82783	certain
BILIZMA_061E356N_S	بلزمة	بلزمة	Bilizmaŧ	towns	Maghrib	35.63685	6.14010	certain
MILA_062E364N_S	ميلا	ميلا	Mīlā	towns	Maghrib	36.42482	6.28830	certain
JABALAWRAS_065E352N_O	جبل أوراس	جبل أوراس	Ǧabal Awrās	sites	Maghrib	35.22457	6.58045	certain
QUSTANTINIYYA_066E363N_S	القسطنطنية	القسطنطنية، قسطنطنية	al-Qusṭanṭiniyyaŧ	towns	Maghrib	36.33790	6.62703	certain
DUFANA_066E354N_S	دوفانة	دوفانة	Dūfānaŧ	towns	Maghrib	35.49564	6.62915	certain
BADIS_066E347N_S	بادس	بادس	Bādis	towns	Maghrib	34.76281	6.65773	certain
TIJIS_068E360N_S	تيجس	تيجس	Tīǧis	towns	Maghrib	36.08680	6.83450	certain
BAGHAY_071E355N_S	باغاي	باغاي	Bāġāy	towns	Maghrib	35.50598	7.12454	certain
ARKU_072E360N_S	أركو	أركو، ركوة	Arkū	towns	Maghrib	36.05429	7.20287	certain
MISKYANA_077E356N_S	المسكيانة	المسكيانة	al-Miskyānaŧ	towns	Maghrib	35.61620	7.73214	certain
BUNA_077E368N_S	بونة	بونة	Būnaŧ	towns	Maghrib	36.88509	7.74061	certain
NAFTA_079E338N_S	نفطة	نفطة	Nafṭaŧ	towns	Maghrib	33.87018	7.90257	certain
TABASSA_081E353N_S	تبسا	تبسا	Tabassā	towns	Maghrib	35.37489	8.13227	certain
TAWZIR_081E339N_S	توزر	توزر	Tawzir	towns	Maghrib	33.93695	8.15027	certain
HAMMA_081E340N_S	الحمة	الحمة	al-Ḥammaŧ	towns	Maghrib	34.05630	8.19472	certain
TAQYUS_082E340N_S	تقيوس	تقيوس	Taqyūs	towns	Maghrib	34.00718	8.26247	certain
QASTILIYA_082E338N_R	قسطيلية	قسطيلية	Qasṭīliyaŧ	regions	Maghrib	33.88951	8.27517	certain
MARMAJANNA_084E354N_S	مرماجنة	مرماجنة، ماجنة	Marmāǧannaŧ	villages	Maghrib	35.48917	8.40114	certain
MARSAKHARAZ_084E368N_S	مرسى الخرز	مرسى الخرز	Marsá al-Ḫaraz	towns	Maghrib	36.85460	8.42231	certain
KHAWRKAF_087E361N_S	خور الكاف	خور الكاف	Ḫawr al-Kāf	villages	Maghrib	36.18255	8.71976	certain
UBBA_087E358N_S	أبة	أبة	Ubbaŧ	villages	Maghrib	35.80744	8.72082	certain
TABARQA_088E369N_S	طبرقة	طبرقة	Ṭabarqaŧ	towns	Maghrib	36.91556	8.81185	certain
BISHSHARA_088E338N_S	بشرى	بشرى، بشري	Biššará	towns	Maghrib	33.80380	8.81609	certain
QAFSA_088E344N_S	قفصة	قفصة	Qafṣaŧ	towns	Maghrib	34.40681	8.82032	certain
LURBUS_088E361N_S	لربس	لربس، الأربس	Lurbus	towns	Maghrib	36.10562	8.83937	certain
MAKNAABUMANSUR_091E368N_R	مكنة أبو منصور	مكنة أبو منصور	Maknaŧ Abū Manṣūr	regions	Maghrib	36.81309	9.11248	certain
QAMUDA_091E351N_R	قمودة	قمودة	Qamūdaŧ	regions	Maghrib	35.15407	9.13153	certain
SABIBA_091E354N_S	سبيبة	سبيبة	Sabībaŧ	towns	Maghrib	35.41674	9.16117	certain
BAJA_092E366N_S	باجة	باجة	Bāǧaŧ	towns	Maghrib	36.67738	9.20563	certain
SUBAYTILA_092E352N_S	سبيطلة	سبيطلة	Subayṭilaŧ	capitals	Maghrib	35.23365	9.22256	certain
NAFZAWA_092E336N_R	نفزاوة	نفزاوة	Nafzāwaŧ	regions	Maghrib	33.61536	9.28396	certain
BANZART_098E372N_S	بنزرت	بنزرت	Banzart	towns	Maghrib	37.24070	9.82170	certain
JALULA_098E357N_S	جلولاء	جلولاء	Ǧalūlāʾ	towns	Maghrib	35.77610	9.86192	certain
QALUNIYAAWFI_384E403N_S	قلونية العوفي	قلونية العوفي	Qalūniyaŧ al-ʿAwfī	waystations	Rihab	40.32189	38.49484	certain
QALIQALA_412E399N_S	قاليقلا	قاليقلا	Qālīqalā	towns	Rihab	39.91956	41.27233	certain
MUSH_414E387N_S	موش	موش	Mūš	villages	Rihab	38.75648	41.48709	certain
SINNNUHAS_416E393N_S	سن نحاس	سن نحاس، باجنيس	Sinn Nuḥās	waystations	Rihab	39.39009	41.69403	certain
AKHLAT_425E387N_S	أخلاط	أخلاط، خلاط	Aḫlāṭ	towns	Rihab	38.76551	42.51044	certain
BUHAYRAAKHLAT_429E387N_W	بحيرة أخلاط	بحيرة أخلاط، بحيرة خلاط، بحيرة أرجيش	Buḥayraŧ Aḫlāṭ	waters	Rihab	38.77880	42.91010	certain
WASTAN_431E383N_S	وسطان	وسطان	Wasṭān	towns	Rihab	38.34421	43.13392	certain
BAGHRAWAND_431E400N_R	بغروند	بغروند	Baġrawand	regions	Rihab	40.00234	43.16621	certain
JURZAN_432E425N_R	جرزان	جرزان	Ǧurzān	regions	Rihab	42.55502	43.20001	certain
WAN_433E385N_S	وان	وان	Wān	villages	Rihab	38.57711	43.34872	certain
ARJISH_433E390N_S	أرجيش	أرجيش	Arǧīš	towns	Rihab	39.02230	43.35895	certain
BARKARI_437E389N_S	بركري	بركري، بركوي	Barkarī	towns	Rihab	38.98412	43.75682	certain
ARMINIYYA_441E394N_R	أرمنية	أرمنية	Arminiyyaŧ	regions	Rihab	39.47331	44.11256	certain
JABALHARITH_442E399N_O	جبل الحريث	جبل الحريث، جبل الحويريث	Ǧabal al-Ḥarīṯ	sites	Rihab	39.90562	44.27779	certain
DABIL_446E401N_S	دبيل	دبيل	Dabīl	capitals	Rihab	40.16468	44.68562	certain
NAHRRASS_448E397N_W	نهر الرس	نهر الرس	Nahr al-Rass	waters	Rihab	39.73371	44.81405	certain
SALAMAS_448E382N_S	سلماس	سلماس	Salamās	towns	Rihab	38.22277	44.82832	certain
TIFLIS_448E420N_S	تفليس	تفليس	Tiflīs	towns	Rihab	42.08410	44.83734	certain
KHUWI_449E385N_S	خوي	خوي، خوي، خويت	Ḫuwī	towns	Rihab	38.58650	44.99055	certain
URMIYA_450E375N_S	أرميية	أرميية	Urmīyaŧ	towns	Rihab	37.52011	45.07411	certain
USHNUH_451E370N_S	أشنه	أشنه	Ušnuh	towns	Rihab	37.02695	45.12379	certain
QALAIBNKANDAMAN_451E415N_S	قلعة إبن كندمان	قلعة إبن كندمان	Qalʿaŧ Ibn Kandamān	towns	Rihab	41.56808	45.16780	certain
SUGHDABIL_452E422N_S	سغدبيل	سغدبيل	Suġdabīl	villages	Rihab	42.27111	45.26094	certain
BUHAYRAURMIYYA_453E377N_W	بحيرة أرمية	بحيرة أرمية	Buḥayraŧ Urmiyyaŧ	waters	Rihab	37.70285	45.35353	certain
NASHAWA_453E393N_S	النشوى	النشوى	al-Našawá	towns	Rihab	39.34739	45.37660	certain
KHUNAN_455E413N_S	خنان	خنان	Ḫunān	towns	Rihab	41.39027	45.50578	certain
JABRAWAN_456E369N_S	جبروان	جبروان	Ǧabrawān	towns	Rihab	36.96475	45.60275	certain
BUSFURJAN_456E395N_R	بسفرجان	بسفرجان	Busfurǧān	regions	Rihab	39.54632	45.61619	certain
MARAND_458E384N_S	مرند	مرند	Marand	towns	Rihab	38.46017	45.80321	certain
NAHRKURR_459E412N_W	نهر الكر	نهر الكر	Nahr al-Kurr	waters	Rihab	41.29497	45.96093	certain
DAKHARRAQAN_459E377N_S	داخرقان	داخرقان، خرقان	Dāḫarraqān	towns	Rihab	37.72041	45.98591	certain
SHAMKUR_460E409N_S	شمكور	شمكور	Šamkūr	towns	Rihab	40.99521	46.06157	certain
SABURKHAST_461E369N_S	سابرخست	سابرخست	Sāburḫast	towns	Rihab	36.92367	46.10896	certain
BARZA_462E365N_S	برزة	برزة	Barzaŧ	villages	Rihab	36.50570	46.21410	certain
MARAGHA_462E373N_S	مراغة	مراغة	Marāġaŧ	towns	Rihab	37.34276	46.24758	certain
TABRIZ_463E380N_S	تبريز	تبريز	Tabrīz	towns	Rihab	38.06387	46.33121	certain
MANZILBAYLAQAN_463E360N_S	منزل البيلقان	منزل البيلقان	Manzil al-Baylaqān	waystations	Rihab	36.09869	46.35428	certain
JANZA_463E408N_S	جنزة	جنزة، جنجة	Ǧanzaŧ	towns	Rihab	40.81356	46.38603	certain
QALQATUS_466E402N_S	قلقاطوس	قلقاطوس	Qalqāṭūs	villages	Rihab	40.20714	46.64590	certain
WARZAQAN_466E385N_S	ورزقان	ورزقان	Warzaqān	towns	Rihab	38.56125	46.66017	certain
KULSARA_470E373N_S	كلسارة	كلسارة	Kulsāraŧ	villages	Rihab	37.37990	47.01236	certain
MAYMADH_470E385N_R	ميمذ	ميمذ، ميمذ	Maymaḏ	regions	Rihab	38.54980	47.02219	certain
AHAR_471E384N_S	أهر	أهر	Ahar	towns	Rihab	38.45223	47.14386	certain
ARRAN_471E406N_R	أران	أران	Arrān	regions	Rihab	40.60291	47.14761	certain
SHAKKI_472E413N_R	شكي	شكي	Šakkī	regions	Rihab	41.34856	47.20469	certain
SHAKKI_472E413N_S	شكي	شكي	Šakkī	towns	Rihab	41.34856	47.20469	certain
BARDHAA_472E404N_S	برذعة	برذعة	Barḏaʿaŧ	capitals	Rihab	40.45334	47.23624	certain
KHUNAJ_472E373N_S	خونج	خونج	Ḫūnaǧ	towns	Rihab	37.38856	47.25690	certain
ANDARAB_473E401N_S	الأندراب	الأندراب	al-Andarāb	towns	Rihab	40.10841	47.33087	certain
BAYLAQAN_474E398N_S	البيلقان	البيلقان	al-Baylaqān	towns	Rihab	39.86701	47.46081	certain
BARDAJ_475E402N_S	برداج	برداج، برديج، برزنج	Bardāǧ	towns	Rihab	40.23581	47.56971	certain
SARAT_475E379N_S	السرات	السرات	al-Sarāt	villages	Rihab	37.91236	47.57698	certain
WARTHAN_476E395N_S	ورثان	ورثان	Warṯān	towns	Rihab	39.56659	47.64257	certain
QABALA_476E407N_S	قبلة	قبلة	Qabalaŧ	towns	Rihab	40.79878	47.65158	certain
MAYANIJ_477E374N_S	الميانج	الميانج، الميانج	al-Mayāniǧ	towns	Rihab	37.40341	47.74052	certain
JABALSABALAN_477E382N_O	جبل سبلان	جبل سبلان	Ǧabal Sabalān	sites	Rihab	38.21805	47.75372	certain
BALKHAB_478E393N_S	بلخاب	بلخاب، تلخاب	Balḫāb	villages	Rihab	39.34245	47.82733	certain
BARZAND_478E389N_S	برزند	برزند	Barzand	towns	Rihab	38.96621	47.85286	certain
ADHARBAYJAN_479E382N_R	أذربيجان	أذربيجان	Aḏarbayǧān	regions	Rihab	38.24076	47.95801	certain
NIR_479E380N_S	النير	النير	al-Nīr	waystations	Rihab	38.02656	47.99130	certain
BAJARWAN_481E392N_S	باجروان	باجروان، موقان، موغكان	Bāǧarwān	villages	Rihab	39.22560	48.12475	certain
NAHRKURR_481E401N_W	نهر الكر	نهر الكر	Nahr al-Kurr	waters	Rihab	40.16468	48.18559	certain
ARDABIL_483E382N_S	أردبيل	أردبيل	Ardabīl	metropoles	Rihab	38.23604	48.30651	certain
BABABWAB_483E420N_S	باب الأبواب	باب الأبواب	Bāb al-Abwāb	towns	Rihab	42.04308	48.30854	certain
ABKHAN_483E408N_R	الأبخان	الأبخان، لايجان، ليزان، ليزان، ليران	al-Abḫān	regions	Rihab	40.88004	48.38086	certain
ABKHAN_483E408N_S	الأبخان	الأبخان، لايجان، ليزان، ليزان، ليران	al-Abḫān	towns	Rihab	40.88004	48.38086	certain
JISRSAMUR_484E418N_S	جسر سمور	جسر سمور	Ǧisr Samūr	villages	Rihab	41.84983	48.48301	certain
MUGHAN_485E393N_S	موغان	موغان، موغكان، موقان	Mūġān	capitals	Rihab	39.33548	48.50179	certain
MUGHAN_485E393N_R	موغان	موغان، موغكان، موقان	Mūġān	regions	Rihab	39.33548	48.50179	certain
ZANJAN_485E366N_S	زنجان	زنجان	Zanǧān	towns	Rihab	36.66235	48.50530	certain
SHAMAKHIYYA_486E406N_S	الشماخية	الشماخية	al-Šamāḫiyyaŧ	villages	Rihab	40.67871	48.68505	certain
SHIRWAN_487E411N_R	شروان	شروان، شروان	Širwān	regions	Rihab	41.11585	48.75339	certain
SHIRWAN_487E411N_S	شروان	شروان، شروان	Širwān	towns	Rihab	41.11585	48.75339	certain
SHABARAN_487E412N_S	شابران	شابران	Šābarān	towns	Rihab	41.27070	48.76916	certain
BAKUH_498E403N_S	باكوه	باكوه	Bākūh	towns	Rihab	40.37900	49.86422	certain
SARIYA_531E365N_S	سارية	سارية	Sāriyaŧ	towns	Daylam	36.53215	53.11807	certain
BAHRKHAZAR_515E390N_W	بحر الخزر	بحر الخزر	Baḥr al-Ḫazar	waters	Rihab	39.08291	51.54135	certain
RAFH_342E313N_S	رفح	رفح	Rafḥ	waystations	Sham	31.30870	34.25897	certain
MIMAS_344E315N_S	ميماس	ميماس	Mīmās	towns	Sham	31.50145	34.42276	certain
GHAZZA_344E314N_S	غزة	غزة	Ġazzaŧ	towns	Sham	31.49664	34.45664	certain
ASQALAN_345E316N_S	عسقلان	عسقلان	ʿAsqalān	towns	Sham	31.66572	34.55455	certain
MAHUZAZDUD_346E318N_S	ماحوز أزدود	ماحوز أزدود	Māḥūz Azdūd	towns	Sham	31.81276	34.63712	certain
SUKKARIYYA_346E315N_S	السكرية	السكرية	al-Sukkariyyaŧ	villages	Sham	31.56416	34.65335	certain
AZDUD_346E317N_S	أزدود	أزدود، يزدود	Azdūd	waystations	Sham	31.79837	34.66817	certain
MAHUZYUBNA_346E318N_S	ماحوز يبنا	ماحوز يبنا	Māḥūz Yubnā	towns	Sham	31.87811	34.66888	certain
YUBNA_347E318N_S	يبنا	يبنا	Yubnā	villages	Sham	31.87092	34.73521	certain
YAFA_347E320N_S	يافا	يافا، يافة	Yāfā	towns	Sham	32.06237	34.75362	certain
ARSUF_348E321N_S	أرسوف	أرسوف	Arsūf	towns	Sham	32.19588	34.80739	certain
AQIR_348E318N_S	عاقر	عاقر	ʿĀqir	villages	Sham	31.86252	34.80861	certain
RAMLA_348E319N_S	الرملة	الرملة	al-Ramlaŧ	capitals	Sham	31.92484	34.86436	certain
BAYTJIBRIL_348E316N_S	بيت جبريل	بيت جبريل، بيت جبرين	Bayt Ǧibrīl	towns	Sham	31.60564	34.88059	certain
KAFARSABA_348E321N_S	كفرسابا	كفرسابا	Kafarsābā	villages	Sham	32.17778	34.88134	certain
LUDD_348E319N_S	لد	لد	Ludd	villages	Sham	31.95598	34.88482	certain
QAYSARIYYA_348E324N_S	قيسرية	قيسرية	Qaysariyyaŧ	towns	Sham	32.49326	34.89906	certain
AYLA_349E295N_S	أيلة	أيلة، ويلة	Aylaŧ	towns	Sham	29.57226	34.94527	certain
KANISA_349E327N_S	الكنيسة	الكنيسة	al-Kanīsaŧ	villages	Sham	32.74750	34.95381	certain
TARSUS_349E369N_S	طرسوس	طرسوس، أنطرسوس، أنطرطوس	Ṭarsūs	towns	Sham	36.90807	34.95529	certain
AMAWAS_349E318N_S	عمواس	عمواس	ʿAmawās	villages	Sham	31.84394	34.97656	certain
QALANSUWA_349E322N_S	قلنسوة	قلنسوة	Qalansuwaŧ	villages	Sham	32.29512	34.98155	certain
KUSAYFA_350E312N_S	الكسيفة	الكسيفة	al-Kusayfaŧ	waystations	Sham	31.20812	35.04078	certain
AKKA_350E329N_S	عكة	عكة	ʿAkkaŧ	towns	Sham	32.92878	35.07559	certain
HABRA_350E315N_S	حبرة	حبرة، الخليل، حبرون، مسجد إبراهيم	Ḥabraŧ	towns	Sham	31.53018	35.08912	certain
SABASTIYA_351E322N_S	سبسطية	سبسطية	Sabasṭiyaŧ	villages	Sham	32.27085	35.15237	certain
GHARANDAL_351E300N_S	غرندل	غرندل، عرندل	Ġarandal	towns	Sham	30.03245	35.17023	certain
BAYTLAHM_351E317N_S	بيت لحم	بيت لحم	Bayt Laḥm	villages	Sham	31.70926	35.18792	certain
BAYTMAQDIS_352E317N_S	بيت المقدس	بيت المقدس، القدس، إيليا	Bayt al-Maqdis	towns	Sham	31.77768	35.20345	certain
SUR_352E332N_S	صور	صور	Ṣūr	towns	Sham	33.26921	35.20796	certain
KABUL_352E328N_S	كابل	كابل	Kābul	villages	Sham	32.86543	35.21458	certain
NABULUS_352E322N_S	نابلس	نابلس	Nābulus	towns	Sham	32.22047	35.24238	certain
ADHNUN_352E333N_S	عذنون	عذنون	ʿAḏnūn	towns	Sham	33.39418	35.26620	certain
LAJJUN_352E326N_S	اللجون	اللجون	al-Laǧǧūn	towns	Sham	32.60823	35.27017	certain
SARAFANDA_352E334N_S	صرفندة	صرفندة	Ṣarafandaŧ	towns	Sham	33.45495	35.28606	certain
NAHRSAYHAN_352E368N_W	نهر سيحان	نهر سيحان	Nahr Sayḥān	waters	Sham	36.80583	35.28698	certain
JIBAL_353E302N_R	الجبال	الجبال	al-Ǧibāl	regions	Sham	30.26155	35.32238	certain
ADHANA_353E369N_S	أذنة	أذنة	Aḏanaŧ	waystations	Sham	36.96023	35.34272	certain
SAYDA_353E335N_S	صيداء	صيداء	Ṣaydāʾ	towns	Sham	33.56642	35.37475	certain
TAASIR_353E323N_S	تعاسر	تعاسر	Taʿāsir	waystations	Sham	32.33910	35.38269	certain
MAJDALSALIM_354E332N_S	مجدل سليم	مجدل سليم	Maǧdal Salīm	villages	Sham	33.22604	35.43299	certain
RIHA_354E318N_S	رحا	رحا، أريحا	Riḥā	towns	Sham	31.86043	35.43774	certain
JASHSH_354E330N_S	الجش	الجش	al-Ǧašš	villages	Sham	33.03094	35.45020	certain
BUHAYRAMUNTINA_354E313N_W	بحيرة المنتنة	بحيرة المنتنة، بحيرة المقلوبة، بحيرة الميتة، بحيرة الصغر	Buḥayraŧ al-Muntinaŧ	waters	Sham	31.38450	35.46173	certain
NAIMA_354E337N_S	الناعمة	الناعمة	al-Nāʿimaŧ	towns	Sham	33.77683	35.46741	certain
SUGHAR_354E310N_S	صغر	صغر، زغر	Ṣuġar	towns	Sham	31.03706	35.46845	certain
WADIMUSA_354E303N_S	وادي موسى	وادي موسى	Wādī Mūsá	villages	Sham	30.33334	35.47226	certain
GHAWR_354E318N_R	الغور	الغور	al-Ġawr	regions	Sham	31.86882	35.48149	certain
QADAS_354E331N_S	قدس	قدس	Qadas	towns	Sham	33.12189	35.49123	certain
BAYSAN_354E325N_S	بيسان	بيسان	Baysān	towns	Sham	32.50000	35.49256	certain
BAYRUT_355E339N_S	بيروت	بيروت	Bayrūt	towns	Sham	33.90162	35.50910	certain
TABARIYYA_355E327N_S	طبرية	طبرية	Ṭabariyyaŧ	capitals	Sham	32.77755	35.51241	certain
JUBBYUSUF_355E329N_S	جب يوسف	جب يوسف	Ǧubb Yūsuf	villages	Sham	32.92434	35.52565	certain
URDUNN_355E321N_W	الأردن	الأردن	al-Urdunn	waters	Sham	32.15774	35.56271	certain
QARYAUYUN_355E333N_S	قرية العيون	قرية العيون	Qaryaŧ al-ʿUyūn	waystations	Sham	33.36423	35.56778	certain
BUHAYRATABARIYYA_355E328N_W	بحيرة طبرية	بحيرة طبرية	Buḥayraŧ Ṭabariyyaŧ	waters	Sham	32.80982	35.57727	certain
JAYHAN_355E367N_W	الجيحان	الجيحان	al-Ǧayḥān	waters	Sham	36.79276	35.58877	certain
BUHAYRAQADAS_355E330N_W	بحيرة قدس	بحيرة قدس	Buḥayraŧ Qadas	waters	Sham	33.06755	35.59845	certain
BAYTRAM_356E318N_S	بيت الرام	بيت الرام، بيت رامة، بيت الراس	Bayt al-Rām	villages	Sham	31.80167	35.60287	certain
FAHL_356E324N_R	فهل	فهل	Fahl	regions	Sham	32.43634	35.61434	certain
JUNIYYA_356E339N_S	جنية	جنية	Ǧuniyyaŧ	towns	Sham	33.98398	35.61897	certain
HULA_356E329N_S	الحلة	الحلة	al-Ḥulaŧ	towns	Sham	32.97543	35.63816	certain
JUBAYL_356E341N_S	جبيل	جبيل	Ǧubayl	towns	Sham	34.12764	35.65206	certain
MISSISA_356E369N_S	المصيصة	المصيصة	al-Miṣṣīṣaŧ	waystations	Sham	36.94067	35.66897	certain
BATHRUN_356E342N_S	بثرون	بثرون	Baṯrūn	towns	Sham	34.25903	35.67059	certain
AQABAFIQ_356E327N_S	عقبة الفيق	عقبة الفيق، أفيق، فيق	ʿAqabaŧ al-Fīq	villages	Sham	32.77421	35.67655	certain
BANIYAS_356E332N_S	بانياس	بانياس	Bāniyās	towns	Sham	33.25150	35.67787	certain
MUTA_356E310N_S	مؤتة	مؤتة	Muʾtaŧ	villages	Sham	31.06466	35.68544	certain
KARAK_356E311N_S	كرك	كرك	Karak	villages	Sham	31.17824	35.69038	certain
QARUN_357E335N_S	القرعون	القرعون	al-Qarʿūn	waystations	Sham	33.57083	35.71229	certain
MAAN_357E301N_S	معان	معان، معان	Maʿān	towns	Sham	30.19664	35.72442	certain
MAAB_357E312N_S	مآب	مآب، مؤاب	Maʾāb	towns	Sham	31.25790	35.73272	certain
ANAFA_357E343N_S	أنفة	أنفة	Anafaŧ	towns	Sham	34.35634	35.73678	certain
ADHRUH_357E303N_S	أذروح	أذروح	Aḏrūḥ	capitals	Sham	30.33962	35.75502	certain
SHARAT_357E305N_R	الشرات	الشرات	al-Šarāt	regions	Sham	30.59382	35.77450	certain
JAWLAN_357E330N_S	الجولان	الجولان	al-Ǧawlān	towns	Sham	33.09084	35.79833	certain
FASIRA_358E356N_S	فاسرة	فاسرة، كاسرة، قاسرة	Fāsiraŧ	villages	Sham	35.66663	35.80083	certain
LADHIQIYYA_358E355N_S	اللاذقية	اللاذقية	al-Lāḏiqiyyaŧ	towns	Sham	35.51961	35.80763	certain
JABALSANIR_358E334N_R	جبل سنير	جبل سنير	Ǧabal Sanīr	regions	Sham	33.45826	35.81024	certain
JABALSANIR_358E334N_O	جبل سنير	جبل سنير	Ǧabal Sanīr	sites	Sham	33.45826	35.81024	certain
ATRABULUS_358E344N_S	أطرابلس	أطرابلس، طرابلس	Aṭrābulus	towns	Sham	34.44044	35.85194	certain
JURASH_358E322N_S	جرش	جرش	Ǧuraš	towns	Sham	32.27309	35.88040	certain
ARJAMUSH_358E338N_S	عرجموش	عرجموش	ʿArǧamūš	towns	Sham	33.86315	35.89165	certain
ANTARTUS_359E348N_S	أنطرطوس	أنطرطوس، أنطرسوس، طرطوس	Anṭarṭūs	towns	Sham	34.89985	35.90356	certain
AYNJARR_359E337N_S	عين الجر	عين الجر	ʿAyn al-Ǧarr	waystations	Sham	33.72730	35.90422	certain
MARAQIYYA_359E350N_S	مراقية	مراقية	Marāqiyyaŧ	villages	Sham	35.04801	35.91774	certain
AMMAN_359E319N_S	عمان	عمان	ʿAmmān	towns	Sham	31.93113	35.91903	certain
BIQA_359E338N_S	البقاع	البقاع	al-Biqāʿ	towns	Sham	33.83512	35.92143	certain
JABALA_359E353N_S	جبلة	جبلة	Ǧabalaŧ	towns	Sham	35.36567	35.95309	certain
BALQA_359E320N_R	البلقاء	البلقاء	al-Balqāʾ	regions	Sham	32.08487	35.96379	certain
RAQIM_359E318N_S	الرقيم	الرقيم، الرقم	al-Raqīm	villages	Sham	31.89279	35.96419	certain
BULUNYAS_359E351N_S	بلنياس	بلنياس	Bulunyās	towns	Sham	35.18256	35.97212	certain
JABALLUBNAN_359E341N_O	جبل لبنان	جبل لبنان	Ǧabal Lubnān	sites	Sham	34.15941	35.99225	certain
SUWAYDIYYA_359E360N_S	السويدية	السويدية	al-Suwaydiyyaŧ	towns	Sham	36.08960	35.99387	certain
FIJA_360E336N_S	الفيجة	الفيجة	al-Fīǧaŧ	waystations	Sham	33.64139	36.02468	certain
NAWA_360E328N_S	نوى	نوى	Nawá	towns	Sham	32.88099	36.02865	certain
JABIYA_360E329N_S	الجابية	الجابية	al-Ǧābiyaŧ	villages	Sham	32.92323	36.04321	certain
JASIM_360E329N_S	جاسم	جاسم	Ǧāsim	waystations	Sham	32.98099	36.04321	certain
JABALLUKKAM_360E363N_O	جبل اللكام	جبل اللكام	Ǧabal al-Lukkām	sites	Sham	36.33966	36.05096	certain
ARQA_360E345N_S	عرقة	عرقة	ʿArqaŧ	towns	Sham	34.52991	36.07300	certain
ZARQA_360E320N_S	الزرقاء	الزرقاء	al-Zarqāʾ	waystations	Sham	32.07029	36.08689	certain
ZABADANI_360E337N_S	زبداني	زبداني	Zabadānī	villages	Sham	33.73115	36.08756	certain
ADHRIAT_360E326N_S	أذرعات	أذرعات	Aḏriʿāt	capitals	Sham	32.61046	36.09087	certain
MARJSUFFAR_361E332N_O	مرج الصفر	مرج الصفر	Marǧ al-Ṣuffar	sites	Sham	33.22659	36.14580	certain
BATHANIYYA_361E327N_S	البثنية	البثنية	al-Baṯaniyyaŧ	towns	Sham	32.72189	36.15837	certain
TINAT_361E368N_S	تينات	تينات، حصن التينات	Tīnāt	waystations	Sham	36.86458	36.16107	certain
ANTAKIYYA_361E361N_S	أنطاكية	أنطاكية	Anṭākiyyaŧ	towns	Sham	36.19718	36.18418	certain
AQABARUMMAN_361E338N_S	عقبة الرمان	عقبة الرمان	ʿAqabaŧ al-Rummān	waystations	Sham	33.88074	36.18816	certain
BALABAKK_361E340N_S	بعلبك	بعلبك	Baʿlabakk	towns	Sham	34.01251	36.19213	certain
ISKANDARUNA_361E365N_S	إسكندرونة	إسكندرونة، إسكندريية	Iskandarūnaŧ	towns	Sham	36.57473	36.19234	certain
JABALBAHRA_362E352N_R	جبل بهرة	جبل بهرة	Ǧabal Bahraŧ	regions	Sham	35.20588	36.20321	certain
JABALBAHRA_362E352N_O	جبل بهرة	جبل بهرة	Ǧabal Bahraŧ	sites	Sham	35.20588	36.20321	certain
BAGHRAS_362E364N_S	بغراس	بغراس	Baġrās	villages	Sham	36.41518	36.22768	certain
KUSWA_362E333N_S	الكسوة	الكسوة	al-Kuswaŧ	waystations	Sham	33.35826	36.23184	certain
DARAYYA_362E334N_S	داريا	داريا	Dārayyā	villages	Sham	33.46544	36.23184	certain
BAYYAS_362E367N_S	بياس	بياس	Bayyās	towns	Sham	36.75139	36.23856	certain
HISNBARZUYA_362E356N_S	حصن برزوية	حصن برزوية	Ḥiṣn Barzūyaŧ	waystations	Sham	35.67547	36.27118	certain
DIMASHQ_363E335N_S	دمشق	دمشق	Dimašq	metropoles	Sham	33.51843	36.30199	certain
BUQA_363E347N_R	بوقا	بوقا	Būqā	regions	Sham	34.71618	36.32185	certain
LABWA_363E341N_S	لبوة	لبوة	Labwaŧ	villages	Sham	34.19007	36.33244	certain
JABALJALIL_363E348N_O	جبل جليل	جبل جليل	Ǧabal Ǧalīl	sites	Sham	34.85533	36.35891	certain
FAMIYYA_364E354N_S	فامية	فامية	Fāmiyyaŧ	towns	Sham	35.41665	36.40440	certain
RAFANIYYA_364E349N_S	رفنية	رفنية	Rafaniyyaŧ	towns	Sham	34.93133	36.41054	certain
URUNT_364E359N_W	الأرنط	الأرنط، الأرند	al-Urunṭ	waters	Sham	35.99287	36.42208	certain
NAHRL-MAQLUB_364E344N_W	نهر لمقلوب	نهر لمقلوب	Nahr l-Maqlūb	waters	Sham	34.42297	36.42642	certain
BUSRA_364E325N_S	بصرى	بصرى	Buṣrá	towns	Sham	32.51503	36.43071	certain
GHUTA_364E335N_W	الغوطة	الغوطة	al-Ġūṭaŧ	waters	Sham	33.50849	36.44363	certain
AMQ_364E363N_S	عمق	عمق	ʿAmq	waystations	Sham	36.38345	36.47102	certain
BARADA_364E334N_W	بردى	بردى	Baradá	waters	Sham	33.48862	36.47275	certain
MARJRAHIT_365E336N_O	مرج راهط	مرج راهط	Marǧ Rāhiṭ	sites	Sham	33.60226	36.50981	certain
BARA_365E356N_S	البارة	البارة	al-Bāraŧ	villages	Sham	35.68430	36.54442	certain
SHAYZAR_365E352N_S	شيزر	شيزر	Šayzar	towns	Sham	35.25585	36.55938	certain
SUWAYDA_365E326N_S	سويداء	سويداء	Suwaydāʾ	villages	Sham	32.69627	36.55945	certain
JUSIYA_365E344N_S	جوسية	جوسية	Ǧūsiyaŧ	towns	Sham	34.44699	36.56409	certain
JABALSUMAQ_365E356N_O	جبل السماق	جبل السماق	Ǧabal al-Sumāq	sites	Sham	35.66884	36.58384	certain
JABALQALAMUN_365E339N_O	جبل قلمون	جبل قلمون، قلمون	Ǧabal Qalamūn	sites	Sham	33.91260	36.59718	certain
QUTAYYIFA_366E337N_S	القطيفة	القطيفة	al-Quṭayyifaŧ	waystations	Sham	33.74546	36.60247	certain
KAFARTAB_366E355N_S	كفرطاب	كفرطاب	Kafarṭāb	villages	Sham	35.50744	36.61239	certain
ATMIN_366E353N_S	الأطمين	الأطمين، اللطمين	al-Aṭmīn	villages	Sham	35.31245	36.62191	certain
MAARRANUMAN_366E356N_S	معرة النعمان	معرة النعمان	Maʿarraŧ al-Nuʿmān	towns	Sham	35.64344	36.69124	certain
MAARRAQINNASRIN_366E360N_S	معرة قنسرين	معرة قنسرين	Maʿarraŧ Qinnasrīn	towns	Sham	36.01376	36.69667	certain
TIZIN_367E362N_S	تيزين	تيزين، توزين	Tīzīn	towns	Sham	36.23776	36.70483	certain
SARMIN_367E358N_S	سرمين	سرمين	Sarmīn	villages	Sham	35.89492	36.72250	certain
HIMS_367E347N_S	حمص	حمص	Ḥimṣ	capitals	Sham	34.73793	36.72425	certain
HAWRAN_367E326N_S	الحوران	الحوران	al-Ḥawrān	towns	Sham	32.65059	36.73153	certain
NABK_367E340N_S	النبك	النبك	al-Nabk	waystations	Sham	34.02567	36.73220	certain
JARUD_367E338N_S	جرود	جرود	Ǧarūd	waystations	Sham	33.81588	36.74014	certain
SHAMSIN_367E345N_S	شمسين	شمسين	Šamsīn	waystations	Sham	34.53863	36.74279	certain
TALLMANNAS_367E356N_S	تل منس	تل منس	Tall Mannas	villages	Sham	35.63129	36.74697	certain
RASTAN_367E349N_S	رستان	رستان	Rastān	towns	Sham	34.93350	36.75337	certain
SAWWARAN_367E352N_S	صوران	صوران	Ṣawwarān	villages	Sham	35.28804	36.76600	certain
HAMA_367E351N_S	حماة	حماة	Ḥamāŧ	towns	Sham	35.12587	36.76872	certain
ATHARIB_368E361N_S	الأثارب	الأثارب	al-Aṯārib	waystations	Sham	36.13792	36.83533	certain
QARA_368E341N_S	قارة	قارة	Qāraŧ	waystations	Sham	34.16598	36.84868	certain
SADAD_369E343N_S	صدد	صدد	Ṣadad	waystations	Sham	34.31043	36.93340	certain
FARAYA_369E348N_S	فرعايا	فرعايا	Farʿāyā	waystations	Sham	34.87271	36.93472	certain
QURUS_369E367N_S	قورس	قورس	Qūrus	towns	Sham	36.72960	36.94952	certain
QINNASRIN_370E359N_S	قنسرين	قنسرين	Qinnasrīn	capitals	Sham	35.99617	37.02701	certain
SALAMIYYA_370E350N_S	سلمية	سلمية	Salamiyyaŧ	towns	Sham	35.00401	37.07106	certain
HUWARIN_371E342N_O	حوارين	حوارين	Ḥuwārīn	sites	Sham	34.26231	37.10415	certain
HALAB_371E361N_S	حلب	حلب	Ḥalab	capitals	Sham	36.19828	37.17518	certain
NAHRQUWAYQ_372E362N_W	نهر قويق	نهر قويق	Nahr Quwayq	waters	Sham	36.29913	37.22956	certain
QARYATAN_372E342N_S	القريتان	القريتان	al-Qaryatān	waystations	Sham	34.22510	37.24976	certain
NIHYA_373E344N_S	نهيا	نهيا	Nihyā	waystations	Sham	34.45245	37.38213	certain
KHUNASIRA_375E357N_S	الخناصرة	الخناصرة	al-Ḫunāṣiraŧ	towns	Sham	35.78031	37.50551	certain
QASTAL_375E350N_S	القسطل	القسطل	al-Qasṭal	waystations	Sham	35.06025	37.57892	certain
KHUSHAF_376E360N_S	خشاف	خشاف	Ḫušāf	towns	Sham	36.08630	37.69991	certain
JARABULUS_380E368N_S	جربلص	جربلص	Ǧarabuluṣ	towns	Sham	36.81562	38.00577	certain
BALIS_380E360N_S	بالس	بالس	Bālis	towns	Sham	36.02806	38.09005	certain
TADMUR_382E345N_S	تدمر	تدمر	Tadmur	towns	Sham	34.54735	38.28754	certain
BUTLAMIYYA_383E355N_S	البطلامية	البطلامية، الخربة	al-Buṭlāmiyyaŧ	waystations	Sham	35.52404	38.31435	certain
FURAT_383E358N_W	الفرات	الفرات	al-Furāt	waters	Sham	35.81449	38.38504	certain
DAWSAR_384E359N_S	دوسر	دوسر	Dawsar	waystations	Sham	35.92575	38.49243	certain
RUSAFA_387E356N_S	الرصافة	الرصافة	al-Ruṣāfaŧ	waystations	Sham	35.60242	38.77933	certain
ATRABINUSH_125E379N_S	أطرابنش	أطرابنش	Aṭrābinuš	towns	Sicile	37.98824	12.50893	certain
MAZAR_125E376N_S	مازر	مازر	Māzar	towns	Sicile	37.64431	12.58978	certain
BARTANNA_128E377N_S	برطنة	برطنة	Barṭannaŧ	towns	Sicile	37.70830	12.88988	certain
BALJA_130E376N_S	بلجة	بلجة	Balǧaŧ	towns	Sicile	37.67797	13.02806	certain
AKHYAS_130E381N_S	أخياس	أخياس	Aḫyās	towns	Sicile	38.13882	13.09201	certain
BARTINIQ_131E380N_S	برطنيق	برطنيق	Barṭinīq	towns	Sicile	38.03112	13.11223	certain
QARINASH_131E381N_S	قرينش	قرينش	Qarīnaš	towns	Sicile	38.15105	13.18997	certain
QALABALLUT_132E375N_S	قلعة البلوط	قلعة البلوط	Qalʿaŧ al-Ballūṭ	towns	Sicile	37.57066	13.21986	certain
QURLIYUN_133E378N_S	قرليون	قرليون	Qurliyūn	towns	Sicile	37.81007	13.31224	certain
BALARM_133E381N_S	بلرم	بلرم	Balarm	capitals	Sicile	38.10757	13.34479	certain
JIRJANT_135E373N_S	جرجنت	جرجنت	Ǧirǧant	towns	Sicile	37.30538	13.59290	certain
THIRMA_137E379N_S	ثرمة	ثرمة	Ṯirmaŧ	towns	Sicile	37.97037	13.70463	certain
AYNMUGHATTA_138E373N_S	عين المغطاء	عين المغطاء	ʿAyn al-Muġaṭṭāʾ	towns	Sicile	37.35487	13.86212	certain
BURQAD_138E379N_S	بورقاد	بورقاد	Būrqād	towns	Sicile	37.97731	13.87795	certain
QALAABUTHAWR_139E378N_S	قلعة أبو ثور	قلعة أبو ثور	Qalʿaŧ Abū Ṯawr	towns	Sicile	37.83361	13.91402	certain
QALASIRAT_139E379N_S	قلعة الصراط	قلعة الصراط	Qalʿaŧ al-Ṣirāṭ	towns	Sicile	37.93291	13.95010	certain
BATARLIYYA_141E378N_S	بطرلية	بطرلية	Baṭarliyyaŧ	towns	Sicile	37.81415	14.13046	certain
JARAS_141E378N_S	جاراس	جاراس	Ǧārās	towns	Sicile	37.85376	14.18940	certain
BUTHIRA_142E371N_S	بثيرة	بثيرة	Buṯīraŧ	towns	Sicile	37.18500	14.21096	certain
QALAQAWARIB_143E380N_S	قلعة القوارب	قلعة القوارب	Qalʿaŧ al-Qawārib	towns	Sicile	38.00365	14.36712	certain
BATARNWA_149E375N_S	بطرنوة	بطرنوة، بطرنو	Baṭarnwaŧ	towns	Sicile	37.57624	14.91436	certain
LANTINI_150E372N_S	لنتيني	لنتيني	Lantīnī	towns	Sicile	37.29252	15.02478	certain
QATANIYA_151E375N_S	قطانية	قطانية	Qaṭāniyaŧ	towns	Sicile	37.52663	15.10968	certain
YAJ_151E376N_S	الياج	الياج	al-Yāǧ	towns	Sicile	37.62947	15.16730	certain
TABARMIN_152E378N_S	طبرمين	طبرمين	Ṭabarmīn	towns	Sicile	37.86261	15.27552	certain
SARAQUSA_152E370N_S	سرقوسة	سرقوسة	Saraqūsaŧ	towns	Sicile	37.09110	15.29356	certain
DAMANNASH_154E381N_S	دمنش	دمنش	Damannaš	towns	Sicile	38.15878	15.40177	certain
RAMTA_154E381N_S	رمطة	رمطة، رمطة	Ramṭaŧ	towns	Sicile	38.18022	15.44048	certain
MIQUSH_154E381N_S	ميقش	ميقش	Mīquš	towns	Sicile	38.14806	15.48403	certain
MASSINA_155E381N_S	مسينة	مسينة	Massīnaŧ	towns	Sicile	38.17331	15.52846	certain
NIH_600E315N_S	نه	نه، نيه	Nih	towns	Sijistan	31.57770	60.05406	certain
RAMASHAHRISTAN_612E303N_S	رامشهرستان	رامشهرستان	Rāmašahristān	towns	Sijistan	30.32501	61.20990	certain
BUHAYRAZARAH_612E314N_W	بحيرة زره	بحيرة زره، بحيرة الصنط	Buḥayraŧ Zarah	waters	Sijistan	31.47449	61.23634	certain
JUWAYN_616E317N_S	جوين	جوين، كوين	Ǧuwayn	towns	Sijistan	31.72221	61.60731	certain
ZARANJ_616E307N_S	زرنج	زرنج	Zaranǧ	capitals	Sijistan	30.75940	61.61613	certain
NAHRFARAH_617E320N_W	نهر فره	نهر فره	Nahr Farah	waters	Sijistan	32.01209	61.72109	certain
KARKUYAH_617E312N_S	كركويه	كركويه	Karkūyah	towns	Sijistan	31.26104	61.74272	certain
ZANBUQ_619E309N_S	زانبوق	زانبوق، زانبوك	Zānbūq	towns	Sijistan	30.99252	61.91899	certain
FARAH_620E323N_S	فره	فره	Farah	towns	Sijistan	32.35928	62.06561	certain
TAQ_621E306N_S	الطاق	الطاق	al-Ṭāq	towns	Sijistan	30.68777	62.12651	certain
SARUZAN_621E311N_S	سروزن	سروزن، شروزن	Sarūzan	villages	Sijistan	31.14385	62.17057	certain
NISHAK_621E308N_R	نيشك	نيشك	Nīšak	regions	Sijistan	30.83786	62.18420	certain
QARNIN_622E315N_S	قرنين	قرنين	Qarnīn	towns	Sijistan	31.51377	62.23227	certain
KISHSH_623E301N_S	كش	كش، كس	Kišš	towns	Sijistan	30.15265	62.37889	certain
JIZAH_623E319N_S	جزه	جزه، كزه	Ǧizah	towns	Sijistan	31.96860	62.38610	certain
HARURI_623E312N_S	حروري	حروري	Ḥarūrī	villages	Sijistan	31.28570	62.39332	certain
KHAWASH_627E314N_S	خواش	خواش، خواش، أخواش	Ḫawāš	towns	Sijistan	31.49499	62.76028	certain
RIBATKARUDIN_631E313N_S	رباط كرودين	رباط كرودين	Ribāṭ Karūdīn	waystations	Sijistan	31.38151	63.14407	certain
NAHRHILMAND_631E304N_W	نهر هلمند	نهر هلمند، نهر هندمند، نهر هيرميد، نهر هيرمند	Nahr Hilmand	waters	Sijistan	30.47359	63.17371	certain
RIBATQAHASTAN_635E313N_S	رباط قهستان	رباط قهستان، رباط هفشيان	Ribāṭ Qahastān	waystations	Sijistan	31.36919	63.54388	certain
RIBATABDALLAH_639E313N_S	رباط عبد الله	رباط عبد الله	Ribāṭ ʿAbd Allãh	waystations	Sijistan	31.37330	63.92927	certain
BUST_643E313N_S	بست	بست	Bust	capitals	Sijistan	31.39108	64.39078	certain
BUST_643E313N_R	بست	بست	Bust	regions	Sijistan	31.39108	64.39078	certain
FIRUZQAND_646E315N_S	فيروزقند	فيروزقند	Fīrūzqand	villages	Sijistan	31.54280	64.64236	certain
NAHRBISHLANK_647E325N_W	نهر بشلنك	نهر بشلنك	Nahr Bišlank	waters	Sijistan	32.54487	64.79780	certain
BISHLANK_648E326N_R	بشلنك	بشلنك	Bišlank	regions	Sijistan	32.68170	64.81783	certain
BISHLANK_648E326N_S	بشلنك	بشلنك	Bišlank	towns	Sijistan	32.68170	64.81783	certain
SARWAN_648E319N_S	سروان	سروان، شروان	Sarwān	towns	Sijistan	31.97709	64.84747	certain
BAGHNIN_650E327N_R	بغنين	بغنين	Baġnīn	regions	Sijistan	32.71541	65.00452	certain
BAGHNIN_650E327N_S	بغنين	بغنين	Baġnīn	towns	Sijistan	32.71541	65.00452	certain
DARTAL_650E321N_S	درتل	درتل	Dartal	capitals	Sijistan	32.18280	65.03496	certain
BALADDAWAR_651E322N_R	بلد داور	بلد داور، بلا داور، زمين داور	Balad Dāwar	regions	Sijistan	32.23313	65.17678	certain
KUHAK_653E314N_S	كهك	كهك	Kuhak	villages	Sijistan	31.46253	65.33622	certain
DARGHASH_653E326N_S	درغش	درغش	Darġaš	towns	Sijistan	32.61829	65.38750	certain
BANJAWAY_654E315N_S	بنجواي	بنجواي	Banǧawāy	towns	Sijistan	31.51036	65.43237	certain
RUKHKHAJ_655E314N_R	الرخاج	الرخاج، الرخوذ	al-Ruḫḫāǧ	regions	Sijistan	31.49823	65.52932	certain
QANDAHAR_656E316N_R	قندهار	قندهار	Qandahār	regions	Sijistan	31.64414	65.69197	certain
QANDAHAR_656E316N_S	قندهار	قندهار	Qandahār	towns	Sijistan	31.64414	65.69197	certain
BAKRABADH_658E315N_S	بكراباذ	بكراباذ، بكراواذ	Bakrābāḏ	towns	Sijistan	31.59434	65.86183	certain
RIBATHAJARIYYA_658E313N_S	رباط الحجرية	رباط الحجرية	Ribāṭ al-Ḥaǧariyyaŧ	waystations	Sijistan	31.39074	65.88026	certain
RIBATKANKI_663E310N_S	رباط كنكي	رباط كنكي	Ribāṭ Kankī	waystations	Sijistan	31.02943	66.37622	certain
RIBATSARAB_663E318N_S	رباط سراب	رباط سراب	Ribāṭ Sarāb	waystations	Sijistan	31.85842	66.38343	certain
MASTANJ_668E297N_S	مستنج	مستنج، مستنك	Mastanǧ	towns	Sijistan	29.79695	66.84894	certain
ASFABJAY_670E305N_S	أسفبجاي	أسفبجاي، سفنجاوي	Asfabǧāy	towns	Sijistan	30.58971	67.02922	certain
KHAYSAR_673E324N_S	خايسار	خايسار، خابشان، خابسار	Ḫāysār	villages	Sijistan	32.48440	67.33448	certain
BALISH_676E296N_R	بالش	بالش، بالس، والش، والشتان	Bāliš	regions	Sijistan	29.64265	67.65738	certain
SIWI_678E295N_S	سيوي	سيوي، سيوة	Sīwī	capitals	Sijistan	29.53796	67.85288	certain
GHAZNA_684E335N_S	غزنة	غزنة، غزنين	Ġaznaŧ	capitals	Khurasan	33.56409	68.40733	certain
GHAZNA_684E335N_R	غزنة	غزنة، غزنين	Ġaznaŧ	regions	Sijistan	33.56409	68.40733	certain
UGH_698E339N_S	أوغ	أوغ، أوغ	Ūġ	villages	Sijistan	33.95277	69.86876	certain
SARAYSHAHR_597E281N_S	سراي شهر	سراي شهر	Sarāy Šahr	towns	Sind	28.17735	59.73164	certain
BARBUR_604E272N_S	بربور	بربور	Barbūr	towns	Sind	27.25778	60.41989	certain
TIZ_606E253N_S	التيز	التيز	al-Tīz	towns	Sind	25.38207	60.63196	certain
BAHRAJ_606E272N_S	البهرج	البهرج، الفهرج، فهلفهرج	al-Bahraǧ	towns	Sind	27.28057	60.66186	certain
QASRQAND_607E262N_S	قصرقند	قصرقند	Qaṣrqand	towns	Sind	26.29231	60.71473	certain
DASHTALI_611E255N_S	دشت علي	دشت علي	Dašt ʿAlī	towns	Sind	25.58676	61.15124	certain
RASK_612E267N_S	راسك	راسك	Rāsk	towns	Sind	26.70943	61.22272	certain
BIH_613E262N_S	به	به	Bih	towns	Sind	26.22927	61.33378	certain
KHAWASH_618E277N_S	خواش	خواش، خواص	Ḫawāš	towns	Sind	27.79777	61.88374	certain
BAND_620E260N_S	بند	بند، بيذ	Band	towns	Sind	26.09290	62.05375	certain
ASFAQA_622E262N_S	أصفقة	أصفقة	Aṣfaqaŧ	towns	Sind	26.24757	62.20454	certain
DIZAK_622E273N_S	دزك	دزك	Dizak	towns	Sind	27.36457	62.26752	certain
MUKRAN_625E265N_R	مكران	مكران	Mukrān	regions	Sind	26.52688	62.51067	certain
JALQ_626E276N_S	جالق	جالق، جالك	Ǧālq	towns	Sind	27.64173	62.64811	certain
KIJ_630E260N_S	كيج	كيج، كيز	Kīǧ	towns	Sind	26.02584	63.09359	certain
MASHKA_639E274N_S	مشكى	مشكى، مشكي	Mašká	towns	Sind	27.46467	63.94609	certain
BANNAJBUR_641E269N_S	بنجبور	بنجبور، فنجبور، بنزبور، قنزبور	Bannaǧbūr	capitals	Sind	26.92662	64.11916	certain
KALWAN_646E261N_R	كلوان	كلوان، كلوان	Kalwān	regions	Sind	26.16004	64.66560	certain
TURAN_662E277N_R	توران	توران	Tūrān	regions	Sind	27.79334	66.22799	certain
SURA_662E284N_S	سورة	سورة	Sūraŧ	towns	Sind	28.48590	66.29529	certain
ARMABIL_663E262N_S	أرمابيل	أرمابيل، أرمائيل	Armābīl	villages	Sind	26.23769	66.38343	certain
RUSTAKUHAN_664E265N_S	رستاكهن	رستاكهن	Rustākuhan	towns	Sind	26.57497	66.40105	certain
KIZKANAN_665E290N_S	كيزكانان	كيزكانان	Kīzkānān	towns	Sind	29.02220	66.57332	certain
QANBALI_665E254N_S	قنبلي	قنبلي، قنبلى	Qanbalī	towns	Sind	25.49111	66.57989	certain
QUSDAR_665E277N_S	قصدار	قصدار	Quṣdār	towns	Sind	27.77650	66.59495	certain
AYUL_667E288N_R	أيل	أيل	Ayul	regions	Sind	28.85409	66.70232	certain
MAJAK_673E298N_S	المجاك	المجاك، المجالي	al-Maǧāk	towns	Sind	29.88035	67.33448	certain
QANDABIL_674E286N_S	قندابيل	قندابيل	Qandābīl	towns	Sind	28.62665	67.48191	certain
BUDHA_675E287N_R	البدهة	البدهة	al-Budhaŧ	regions	Sind	28.71365	67.56764	certain
DAYBUL_676E244N_S	الديبل	الديبل	al-Daybul	towns	Sind	24.43756	67.69101	certain
SADUSAN_678E264N_S	سدوسان	سدوسان، سدوستان	Sadūsān	towns	Sind	26.41721	67.85929	certain
SAGHAN_680E330N_S	سغان	سغان	Saġān	villages	Sind	33.08810	68.03075	certain
MANJABARA_682E258N_S	منجابارى	منجابارى	Manǧābārá	towns	Sind	25.84265	68.25338	certain
NAHRMIHRAN_682E271N_W	نهر مهران	نهر مهران	Nahr Mihrān	waters	Sind	27.18279	68.25990	certain
NIRUN_683E254N_S	النيرون	النيرون، البيرون	al-Nīrūn	towns	Sind	25.42764	68.34181	certain
QALLARI_688E264N_S	قالري	قالري	Qāllarī	towns	Sind	26.44591	68.85922	certain
MANSURA_688E258N_S	المنصورة	المنصورة	al-Manṣūraŧ	capitals	Sind	25.86510	68.87697	certain
RUR_689E276N_S	الرور	الرور	al-Rūr	towns	Sind	27.65788	68.90569	certain
KARDIZ_691E336N_S	كرديز	كرديز	Kardīz	waystations	Sind	33.62249	69.15407	certain
BANYA_696E253N_S	بانية	بانية	Bānyaŧ	towns	Sind	25.32721	69.67968	certain
NAHRMIHRAN_700E285N_W	نهر مهران	نهر مهران	Nahr Mihrān	waters	Sind	28.57493	70.02385	certain
BASMAD_708E291N_S	بسمد	بسمد	Basmad	towns	Sind	29.12094	70.87350	certain
NAHRMIHRAN_712E321N_W	نهر مهران	نهر مهران	Nahr Mihrān	waters	Sind	32.14532	71.29976	certain
MULTAN_714E301N_S	المولتان	المولتان	al-Mūltān	towns	Sind	30.17568	71.40071	certain
QAMUHUL_717E236N_S	قامهل	قامهل	Qāmuhul	towns	Sind	23.61826	71.72209	certain
WAYHIND_722E339N_S	ويهند	ويهند	Wayhind	capitals	Sind	33.90757	72.24681	certain
WAYHIND_722E339N_R	ويهند	ويهند	Wayhind	regions	Sind	33.90757	72.24681	certain
KANBAYA_725E223N_S	كنباية	كنباية	Kanbāyaŧ	towns	Sind	22.35228	72.56065	certain
SUBARA_729E195N_S	سوبارة	سوبارة	Sūbāraŧ	towns	Sind	19.52404	72.95093	certain
SANDAN_730E199N_S	سندان	سندان	Sandān	towns	Sind	19.90633	73.01422	certain
SAYMUR_730E185N_S	صيمور	صيمور	Ṣaymūr	towns	Sind	18.58187	73.04586	certain
NAHRJANDARUR_731E318N_W	نهر جندرور	نهر جندرور	Nahr Ǧandarūr	waters	Sind	31.80740	73.13025	certain
NAHRSINDARUDH_736E301N_W	نهر سندروذ	نهر سندروذ	Nahr Sindarūḏ	waters	Sind	30.12521	73.67875	certain
WUJAYN_757E232N_S	وجين	وجين	Wuǧayn	towns	Sind	23.20809	75.78308	certain
ABAR_782E284N_S	أبار	أبار	Abār	towns	Sind	28.46951	78.21440	certain
AWRAHA_795E264N_S	أورهة	أورهة	Awrahaŧ	towns	Sind	26.46686	79.59619	certain
QANNAWJ_800E271N_S	قنوج	قنوج	Qannawǧ	capitals	Sind	27.11654	80.03921	certain
QANNAWJ_800E271N_R	قنوج	قنوج	Qannawǧ	regions	Sind	27.11654	80.03921	certain
SARANDIB_808E076N_R	سرنديب	سرنديب	Sarandīb	regions	Sind	7.60759	80.81976	certain
NAHRJANJAS_834E251N_W	نهر جنجس	نهر جنجس	Nahr Ǧanǧas	waters	Sind	25.14934	83.42513	certain
KIT_590E420N_S	كيت	كيت، جيت	Kīt	towns	Transoxiana	42.09511	59.02814	certain
JURJANIYYA_592E424N_S	الجرجانية	الجرجانية	al-Ǧurǧāniyyaŧ	capitals	Transoxiana	42.45632	59.21993	certain
MADHMINIYYA_593E426N_S	مذمينية	مذمينية، مدكمينية !	Maḏmīniyyaŧ	towns	Transoxiana	42.67871	59.30953	certain
JURJANIYYASUGHRA_593E422N_S	جرجانية الصغرى	جرجانية الصغرى	Ǧurǧāniyyaŧ al-Ṣuġrá	towns	Transoxiana	42.28887	59.31292	certain
NUZWAR_593E420N_S	نوزوار	نوزوار	Nūzwār	towns	Transoxiana	42.00196	59.39815	certain
MADHMINIYYA_594E427N_S	مذمينية	مذمينية، مدكمينية !	Maḏmīniyyaŧ	towns	Transoxiana	42.74561	59.43545	certain
MAZDAKHKAN_595E423N_S	مزداخكان	مزداخكان، مزداخقان	Mazdāḫkān	towns	Transoxiana	42.39769	59.50470	certain
ZAMAKHSHAR_597E422N_S	زمخشر	زمخشر	Zamaḫšar	towns	Transoxiana	42.21861	59.71005	certain
WAZARMAND_597E418N_S	وزارمند	وزارمند، أوزارمند	Wazārmand	towns	Transoxiana	41.86361	59.74298	certain
BUHAYRAKHUWARIZM_597E442N_W	بحيرة خوارزم	بحيرة خوارزم	Buḥayraŧ Ḫuwārizm	waters	Transoxiana	44.26024	59.76477	certain
KARDAR_597E428N_S	كردر	كردر، كردر، كردر	Kardar	towns	Transoxiana	42.80533	59.79383	certain
NUBAGH_598E422N_S	نوباغ	نوباغ	Nūbāġ	villages	Transoxiana	42.26880	59.81853	certain
JUWIQAN_598E429N_S	جويقان	جويقان	Ǧuwīqān	waystations	Transoxiana	42.94872	59.88682	certain
DASKAKHANKHAS_599E418N_S	دسكاخان خاس	دسكاخان خاس	Daskāḫān Ḫās	villages	Transoxiana	41.84474	59.93725	certain
QARYABARATIKIN_599E431N_S	قرية براتكين	قرية براتكين، قرية فراتكين، قرية قراتجين	Qaryaŧ Barātikīn	towns	Transoxiana	43.19354	59.95269	certain
KHUWARIZM_599E416N_R	خوارزم	خوارزم	Ḫuwārizm	regions	Transoxiana	41.65733	59.97545	certain
WAYKHAN_601E420N_S	وايخان	وايخان	Wāyḫān	towns	Transoxiana	42.05520	60.19436	certain
ARDHAKHUSHMITHAN_602E416N_S	أرذخشميثن	أرذخشميثن، رخشميثن	Arḏaḫušmīṯan	towns	Transoxiana	41.64105	60.20210	certain
ARDAKHIWAH_602E421N_S	أردخيوه	أردخيوه	Ardaḫīwah	towns	Transoxiana	42.19314	60.25053	certain
KHIWAH_603E413N_S	خيوه	خيوه	Ḫīwah	towns	Transoxiana	41.38465	60.33577	certain
GHARDAMAN_603E418N_S	غردمان	غردمان	Ġardamān	towns	Transoxiana	41.88381	60.37258	certain
NUZKATH_604E419N_S	نوزكث	نوزكث	Nūzkaṯ	villages	Transoxiana	41.99476	60.42876	certain
DARKHASH_605E418N_S	درخاش	درخاش	Darḫāš	villages	Transoxiana	41.87659	60.53918	certain
KARDARANKHAS_606E413N_S	كردرانخاس	كردرانخاس، كردرانخواش	Kardarānḫās	towns	Transoxiana	41.38937	60.68254	certain
KATH_607E417N_S	كث	كث	Kaṯ	capitals	Transoxiana	41.72062	60.70385	certain
SHURAKHAN_609E415N_S	شراخان	شراخان	Šurāḫān	waystations	Transoxiana	41.50228	60.94019	certain
HAZARASB_610E412N_S	هزاراسب	هزاراسب	Hazārāsb	towns	Transoxiana	41.28610	61.09517	certain
BAGHIRQAN_612E414N_S	بغرقان	بغرقان	Baġirqān	villages	Transoxiana	41.43986	61.27533	certain
USHTURMAGHAK_613E368N_S	أشترمغاك	أشترمغاك	Ušturmaġāk	villages	Khurasan	36.80480	61.32517	certain
RIBATMASH_614E413N_S	رباط ماش	رباط ماش	Ribāṭ Māš	waystations	Transoxiana	41.35412	61.49617	certain
RIBATSANDAH_617E412N_S	رباط سنده	رباط سنده	Ribāṭ Sandah	waystations	Transoxiana	41.23222	61.76738	certain
ABUQSHA_619E410N_O	أبوقشة	أبوقشة	Abūqšaŧ	sites	Transoxiana	41.04840	61.95529	certain
NABADGHIN_620E407N_S	نابادغين	نابادغين	Nābādġīn	villages	Transoxiana	40.79993	62.06959	certain
DARGHAN_621E404N_S	درغان	درغان	Darġān	towns	Transoxiana	40.44741	62.17614	certain
RIBATHASAN_622E405N_S	رباط حسن	رباط حسن	Ribāṭ Ḥasan	waystations	Transoxiana	40.50009	62.28269	certain
JIKARBAND_623E402N_S	جكربند	جكربند	Ǧikarband	towns	Transoxiana	40.23331	62.36792	certain
TAHIRIYYA_625E398N_S	الطاهرية	الطاهرية	al-Ṭāhiriyyaŧ	villages	Transoxiana	39.80992	62.52055	certain
RIBATTUGHAN_628E401N_S	رباط طغان	رباط طغان	Ribāṭ Ṭuġān	waystations	Transoxiana	40.18541	62.82511	certain
NAHRJAYHUN_630E393N_W	نهر جيحون	نهر جيحون	Nahr Ǧayḥūn	waters	Transoxiana	39.39670	63.09182	certain
RAML_631E401N_S	الرمل	الرمل	al-Raml	waystations	Transoxiana	40.13581	63.16025	certain
SHURUKH_633E400N_S	شروخ	شروخ	Šurūḫ	waystations	Transoxiana	40.05505	63.39950	certain
FIRABR_636E391N_S	فربر	فربر	Firabr	towns	Transoxiana	39.17015	63.61874	certain
RIBATTASH_638E399N_S	رباط تاش	رباط تاش	Ribāṭ Tāš	waystations	Transoxiana	39.99849	63.82036	certain
BAYKAND_640E395N_S	بيكند	بيكند	Baykand	towns	Transoxiana	39.55752	64.07172	certain
MAGHKAN_641E398N_S	مغكان	مغكان، مغكان	Maġkān	towns	Transoxiana	39.89235	64.10801	certain
KHUJADAH_642E398N_S	خجاده	خجاده	Ḫuǧādah	towns	Transoxiana	39.81909	64.20076	certain
AMZAH_642E399N_S	أمزه	أمزه	Amzah	waystations	Transoxiana	39.90472	64.25722	certain
MIYANKAL_642E393N_S	ميان كال	ميان كال	Miyān Kāl	waystations	Transoxiana	39.34189	64.26931	certain
WARDHANA_643E401N_S	ورذانة	ورذانة، أورذانة	Warḏānaŧ	towns	Transoxiana	40.15432	64.30515	certain
ZANDANA_643E399N_S	زندنة	زندنة	Zandanaŧ	towns	Transoxiana	39.98407	64.38760	certain
QARAJUN_644E395N_S	قاراجون	قاراجون	Qārāǧūn	villages	Transoxiana	39.56944	64.42927	certain
BUKHARA_644E398N_S	بخارة	بخارة	Buḫāraŧ	capitals	Transoxiana	39.85224	64.46489	certain
BUKHARA_644E398N_R	بخارة	بخارة	Buḫāraŧ	regions	Transoxiana	39.85224	64.46489	certain
JIKAM_647E395N_S	جكم	جكم	Ǧikam	waystations	Transoxiana	39.58498	64.73843	certain
RIBATASTANA_647E392N_S	رباط الآستانة	رباط الآستانة	Ribāṭ al-Āstānaŧ	waystations	Transoxiana	39.21625	64.76666	certain
TAWAWIS_647E400N_S	الطواويس	الطواويس	al-Ṭawāwīs	towns	Transoxiana	40.01136	64.78279	certain
RIBATASTANA_649E366N_S	رباط الآستانة	رباط الآستانة	Ribāṭ al-Āstānaŧ	waystations	Khurasan	36.67509	64.97971	certain
RIBATATIQ_650E394N_S	رباط عتيق	رباط عتيق	Ribāṭ ʿAtīq	waystations	Transoxiana	39.44667	65.02339	certain
QARYABUKHARIYYIN_651E380N_S	قرية البخاريين	قرية البخاريين	Qaryaŧ al-Buḫāriyyīn	waystations	Transoxiana	38.07235	65.15512	certain
MAYAMURGH_652E390N_S	مايمرغ	مايمرغ	Māyamurġ	waystations	Transoxiana	39.04225	65.22233	certain
AKHSISAK_652E378N_S	أخسيسك	أخسيسك	Aḫsīsak	capitals	Transoxiana	37.88800	65.26937	certain
RIBATAFRIGHUN_652E372N_S	رباط أفريغون	رباط أفريغون	Ribāṭ Afrīġūn	waystations	Khurasan	37.26306	65.27273	certain
BIRSAID_652E392N_S	بئر السعيد	بئر السعيد	Biʾr al-Saʿīd	waystations	Transoxiana	39.29210	65.29357	certain
RIBATKHUWARAN_653E385N_S	رباط خواران	رباط خواران	Ribāṭ Ḫuwārān	waystations	Transoxiana	38.54277	65.33793	certain
KARMIINIYYA_654E401N_S	كرمينية	كرمينية	Karmiīniyyaŧ	towns	Transoxiana	40.14581	65.40937	certain
MADIYAMJAKATH_654E402N_S	مديمجكث	مديمجكث	Madiyamǧakaṯ	towns	Transoxiana	40.24274	65.43455	certain
BAZDA_654E390N_S	بزدة	بزدة	Bazdaŧ	towns	Transoxiana	39.03468	65.44949	certain
KASBA_655E389N_S	كسبة	كسبة	Kasbaŧ	towns	Transoxiana	38.93150	65.54090	certain
QARYAKHUWARIZMIYYIN_655E376N_S	قرية الخوارزميين	قرية الخوارزميين	Qaryaŧ al-Ḫuwārizmiyyīn	waystations	Transoxiana	37.69255	65.56778	certain
KHUDIMANKAN_655E401N_S	خديمنكان	خديمنكان	Ḫudīmankān	towns	Transoxiana	40.12063	65.58856	certain
KHARGHANKATH_656E401N_S	خرغانكث	خرغانكث	Ḫarġānkaṯ	towns	Transoxiana	40.19170	65.61472	certain
NASAF_658E388N_S	نسف	نسف	Nasaf	capitals	Transoxiana	38.86245	65.81040	certain
NASAF_658E388N_R	نسف	نسف	Nasaf	regions	Transoxiana	38.86245	65.81040	certain
SUGHD_659E394N_R	الصغد	الصغد	al-Ṣuġd	regions	Transoxiana	39.41449	65.93205	certain
BALKHAN_660E375N_S	بلخان	بلخان	Balḫān	waystations	Transoxiana	37.51897	66.00329	certain
DABUSIYA_660E399N_S	دبوسية	دبوسية	Dabūsiyaŧ	towns	Transoxiana	39.93282	66.01740	certain
SANJARFAGHAN_660E395N_R	سنجرفغن	سنجرفغن	Sanǧarfaġan	regions	Transoxiana	39.54210	66.03353	certain
SUNAJ_662E385N_S	سونج	سونج	Sūnaǧ	towns	Transoxiana	38.58192	66.26540	certain
NAWKAD_662E388N_S	نوكاد	نوكاد، نوقاد قريش	Nawkād	towns	Transoxiana	38.84309	66.29094	certain
ISKIFAGHAN_663E385N_S	إسكيفغن	إسكيفغن	Iskīfaġan	towns	Transoxiana	38.53462	66.30707	certain
KALIF_663E373N_S	كالف	كالف	Kālif	towns	Transoxiana	37.37958	66.31581	certain
RABINJAN_663E398N_S	ربنجن	ربنجن، أربنجن	Rabinǧan	towns	Transoxiana	39.86785	66.37226	certain
KUSHANI_664E400N_S	كشاني	كشاني، كشانيي	Kušānī	towns	Transoxiana	40.00888	66.49906	certain
AWFAR_665E398N_R	أوفر	أوفر	Awfar	regions	Transoxiana	39.82347	66.52550	certain
ZARMAN_666E397N_S	زرمان	زرمان	Zarmān	villages	Transoxiana	39.77390	66.63169	certain
MAYMURGH_666E395N_R	مايمرغ	مايمرغ، مايمرغ	Māymurġ	regions	Transoxiana	39.53329	66.69218	certain
KANDAK_667E383N_S	كندك	كندك	Kandak	villages	Transoxiana	38.37384	66.78829	certain
KISHSH_668E390N_S	كش	كش، كش	Kišš	capitals	Transoxiana	39.03102	66.84071	certain
KISHSH_668E390N_R	كش	كش، كش	Kišš	regions	Transoxiana	39.03102	66.84071	certain
ISHTIKHAN_668E399N_S	إشتيخان	إشتيخان	Ištīḫān	towns	Transoxiana	39.94544	66.87902	certain
MAHALLAQAYYASIN_668E374N_S	محلة القياسين	محلة القياسين	Maḥallaŧ al-Qayyāsīn	waystations	Transoxiana	37.44577	66.88170	certain
BABHADID_670E382N_O	باب الحديد	باب الحديد	Bāb al-Ḥadīd	sites	Transoxiana	38.22114	67.03158	certain
SAMARQAND_670E396N_S	سمرقند	سمرقند	Samarqand	metropoles	Transoxiana	39.67905	67.03225	certain
DIRIZDAH_670E393N_S	درزده	درزده	Dirizdah	villages	Transoxiana	39.31836	67.06451	certain
HASHIMJIRD_670E376N_S	هاشمجرد	هاشمجرد	Hāšimǧird	towns	Transoxiana	37.69255	67.07594	certain
KABUZANJAKATH_671E397N_S	كبوزنجكث	كبوزنجكث، كبوذنجكث	Kabūzanǧakaṯ	towns	Transoxiana	39.70827	67.17070	certain
SHAWDHAR_672E393N_R	الشاوذار	الشاوذار	al-Šāwḏār	regions	Transoxiana	39.33812	67.21506	certain
BASAND_672E382N_S	باسند	باسند	Bāsand	towns	Transoxiana	38.21375	67.24396	certain
SABRAN_672E438N_S	صبران	صبران، صوران	Ṣabrān	towns	Transoxiana	43.82577	67.26184	certain
WAZKARD_672E394N_S	وزكرد	وزكرد، وزكردة	Wazkard	villages	Transoxiana	39.42539	67.29033	certain
TIRMIDH_673E372N_S	الترميذ	الترميذ	al-Tirmīḏ	towns	Transoxiana	37.27697	67.32394	certain
BUZMAJAN_673E397N_S	بوزماجن	بوزماجن	Būzmāǧan	towns	Transoxiana	39.74445	67.32394	certain
ABARKATH_673E397N_S	أباركث	أباركث، بركاث	Abārkaṯ	capitals	Transoxiana	39.79611	67.38308	certain
WARAGHSHAR_674E395N_S	ورغشر	ورغشر	Waraġšar	towns	Transoxiana	39.52707	67.41937	certain
SARMANJI_674E376N_S	صرمنجي	صرمنجي، جرمنقان	Ṣarmanǧī	villages	Transoxiana	37.60634	67.44155	certain
SANKARDAH_675E385N_S	سنكرده	سنكرده	Sankardah	towns	Transoxiana	38.50044	67.57933	certain
KHARAQANA_675E399N_S	خرقانة	خرقانة	Ḫaraqānaŧ	towns	Transoxiana	39.97120	67.58739	certain
DARZANKA_676E378N_S	دارزنكا	دارزنكا، دارزنجي	Dārzankā	towns	Transoxiana	37.84131	67.63175	certain
BUNJIKATH_676E394N_S	بونجكث	بونجكث	Būnǧikaṯ	towns	Transoxiana	39.46899	67.65863	certain
RIBATSAD_677E398N_S	رباط سعد	رباط سعد	Ribāṭ Saʿd	waystations	Transoxiana	39.85470	67.71106	certain
NUJAKATH_677E399N_S	نوجكث	نوجكث	Nūǧakaṯ	towns	Transoxiana	39.94338	67.73525	certain
DIZAK_677E400N_S	ديزك	ديزك	Dīzak	towns	Transoxiana	40.09748	67.79942	certain
SAGHANIYAN_678E382N_S	الصغانيان	الصغانيان	al-Ṣaġāniyān	capitals	Transoxiana	38.26337	67.89454	certain
SAGHANIYAN_678E382N_R	الصغانيان	الصغانيان	al-Ṣaġāniyān	regions	Transoxiana	38.26337	67.89454	certain
BIRHUSAYN_679E402N_S	بئر الحسين	بئر الحسين	Biʾr al-Ḥusayn	waystations	Transoxiana	40.23516	67.99605	certain
NAHRSUGHD_680E394N_W	نهر الصغد	نهر الصغد، نهر بخارة	Nahr al-Ṣuġd	waters	Transoxiana	39.40150	68.07129	certain
NAHRSHASH_681E419N_W	نهر شاش	نهر شاش، صيحون	Nahr Šāš	waters	Transoxiana	41.90165	68.10841	certain
QUBADHIYAN_681E372N_S	قباذيان	قباذيان، قواذيان	Qubāḏiyān	capitals	Transoxiana	37.28980	68.12506	certain
QUBADHIYAN_681E372N_R	قباذيان	قباذيان، قواذيان	Qubāḏiyān	regions	Transoxiana	37.28980	68.12506	certain
BURNAMADH_681E399N_S	بورنمذ	بورنمذ، فورنمذ	Būrnamaḏ	towns	Transoxiana	39.95059	68.12909	certain
WASIJ_681E426N_S	وسيج	وسيج	Wasīǧ	towns	Transoxiana	42.63098	68.12972	certain
BIRHUMAYD_681E403N_S	بئر حميد	بئر حميد	Biʾr Ḥumayd	waystations	Transoxiana	40.38860	68.19849	certain
FARAB_682E427N_R	فاراب	فاراب، باراب	Fārāb	regions	Transoxiana	42.74490	68.29439	certain
SHAWAGHAR_683E432N_S	شاوغر	شاوغر	Šāwaġar	towns	Transoxiana	43.25000	68.31570	certain
KADAR_683E426N_S	كدر	كدر	Kadar	towns	Transoxiana	42.66945	68.31763	certain
NAHRJAYHUN_684E370N_W	نهر جيحون	نهر جيحون	Nahr Ǧayḥūn	waters	Transoxiana	37.02412	68.40465	certain
ZAMIN_684E399N_S	زامن	زامن	Zāmin	towns	Transoxiana	39.95781	68.43288	certain
WINKARD_684E405N_S	وينكرد	وينكرد	Wīnkard	villages	Transoxiana	40.57316	68.43871	certain
BUTTAM_684E389N_S	البتم	البتم	al-Buttam	towns	Transoxiana	38.95345	68.49336	certain
NAHRWAKHSHAB_685E374N_R	نهر وخشاب	نهر وخشاب	Nahr Waḫšāb	regions	Transoxiana	37.44150	68.55990	certain
USHRUSANA_687E395N_R	أشروسنة	أشروسنة	Ušrūsanaŧ	regions	Transoxiana	39.56749	68.72187	certain
WAKHSH_687E377N_R	وخش	وخش	Waḫš	regions	Transoxiana	37.70584	68.72725	certain
SABAT_687E399N_S	صاباط	صاباط	Ṣābāṭ	towns	Transoxiana	39.99901	68.76220	certain
HALAWARD_687E378N_S	هلاورد	هلاورد	Halāward	towns	Transoxiana	37.83441	68.78102	certain
BANAKATH_688E407N_S	بناكث	بناكث	Banākaṯ	towns	Transoxiana	40.71867	68.80969	certain
SHUMAN_688E385N_S	شومان	شومان	Šūmān	towns	Transoxiana	38.58166	68.82268	certain
KHAWAS_688E402N_S	خاوص	خاوص، حاوس	Ḫāwaṣ	villages	Transoxiana	40.22314	68.82906	certain
BUMJIKATH_688E397N_S	بومجكث	بومجكث، بنجكث، بمجكث	Būmǧikaṯ	capitals	Transoxiana	39.74616	68.83442	certain
SUTURKATH_688E408N_S	ستوركث	ستوركث، أشتوركث	Sutūrkaṯ	towns	Transoxiana	40.88768	68.87652	certain
SUBANIKATH_688E423N_S	سبانيكث	سبانيكث	Subānīkaṯ	towns	Transoxiana	42.36818	68.89105	certain
KHARASHKATH_689E408N_S	خرشكث	خرشكث	Ḫaraškaṯ	towns	Transoxiana	40.80598	68.90655	certain
KARBANK_689E373N_S	كاربنك	كاربنك	Kārbank	towns	Transoxiana	37.32188	68.92955	certain
FAGHKATH_690E398N_S	فغكث	فغكث، وغكث	Faġkaṯ	towns	Transoxiana	39.83509	69.01759	certain
LAWAKAND_690E379N_S	لاوكند	لاوكند	Lāwakand	towns	Transoxiana	37.95639	69.04582	certain
NAHRANDIJARAGH_690E375N_W	نهر أنديجاراغ	نهر أنديجاراغ	Nahr Andīǧārāġ	waters	Transoxiana	37.59010	69.09689	certain
JINANJAKATH_691E409N_S	جينانجكث	جينانجكث	Ǧīnānǧakaṯ	towns	Transoxiana	40.99560	69.11286	certain
ANDAJARAGH_691E372N_S	أنداجاراغ	أنداجاراغ	Andāǧārāġ	towns	Transoxiana	37.26841	69.17687	certain
SHASH_691E412N_R	الشاش	الشاش، بلاد الشاش	al-Šāš	regions	Transoxiana	41.27136	69.18357	certain
WASHJIRD_692E384N_S	وشجرد	وشجرد، دستجرد، دستكرد	Wašǧird	capitals	Transoxiana	38.46704	69.21115	certain
MINK_693E393N_R	مينك	مينك	Mīnk	regions	Transoxiana	39.30172	69.38051	certain
KHATUNKATH_693E414N_S	خاتونكث	خاتونكث	Ḫātūnkaṯ	towns	Transoxiana	41.43060	69.39376	certain
BINKATH_694E412N_S	بنكث	بنكث	Binkaṯ	capitals	Transoxiana	41.22621	69.41991	certain
BISKATH_694E408N_S	بسكث	بسكث	Biskaṯ	towns	Transoxiana	40.89646	69.42766	certain
FARGHAR_694E374N_S	فارغر	فارغر، فرغر	Fārġar	towns	Transoxiana	37.48738	69.44705	certain
BALAYAN_694E411N_S	بالايان	بالايان	Bālāyān	towns	Transoxiana	41.11173	69.45575	certain
MASHA_694E395N_R	مسحا	مسحا	Masḥā	regions	Transoxiana	39.51566	69.45848	certain
NUJAKATH_695E414N_S	نوجاكث	نوجاكث	Nūǧākaṯ	towns	Transoxiana	41.40191	69.50903	certain
JABGHUKATH_695E413N_S	جبغوكث	جبغوكث	Ǧabġūkaṯ	towns	Transoxiana	41.31976	69.52452	certain
TAMLIYAT_695E382N_S	تمليات	تمليات	Tamliyāt	towns	Transoxiana	38.25651	69.53106	certain
BARKUSH_695E415N_S	بركوش	بركوش	Barkūš	towns	Transoxiana	41.51080	69.53615	certain
NAHRBARBAN_695E378N_W	نهر بربان	نهر بربان	Nahr Barbān	waters	Transoxiana	37.84635	69.56601	certain
NAHRFARGHAR_695E374N_W	نهر فارغر	نهر فارغر	Nahr Fārġar	waters	Transoxiana	37.41482	69.57609	certain
ARSUBANIKATH_696E399N_S	أرسبانيكث	أرسبانيكث، سبانيكث	Arsubānīkaṯ	towns	Transoxiana	39.93024	69.60096	certain
JAMUKAT_696E422N_S	جموكت	جموكت	Ǧamūkat	towns	Transoxiana	42.26934	69.62235	certain
KHUJANDA_696E402N_S	خجندة	خجندة	Ḫuǧandaŧ	towns	Transoxiana	40.24606	69.63107	certain
MUNK_696E383N_S	منك	منك	Munk	towns	Transoxiana	38.32824	69.69102	certain
KHARGHANKATH_696E415N_S	خرغانكث	خرغانكث	Ḫarġānkaṯ	towns	Transoxiana	41.59198	69.69791	certain
KHUTTAL_697E379N_R	الختل	الختل	al-Ḫuttal	regions	Transoxiana	37.94076	69.75285	certain
ISBIJAB_697E422N_S	إسبيجاب	إسبيجاب	Isbīǧāb	capitals	Transoxiana	42.23062	69.75409	certain
ISBIJAB_697E422N_R	إسبيجاب	إسبيجاب	Isbīǧāb	regions	Transoxiana	42.23062	69.75409	certain
JARKARD_698E420N_S	جركرد	جركرد، غركرد	Ǧarkard	towns	Transoxiana	42.02949	69.82576	certain
ARBILAKH_698E408N_S	أربلخ	أربلخ	Arbilaḫ	towns	Transoxiana	40.87010	69.83739	certain
HULBUK_698E378N_S	هلبك	هلبك	Hulbuk	capitals	Transoxiana	37.87023	69.85097	certain
MABARBADHAKHSHAN_699E375N_O	معبر بذخشان	معبر بذخشان	Maʿbar Baḏaḫšān	sites	Transoxiana	37.59170	69.90205	certain
RUSTAQBIK_699E371N_S	رستاق بيك	رستاق بيك	Rustāq Bīk	towns	Transoxiana	37.11046	69.91617	certain
NAHRILAQ_699E409N_W	نهر إيلاق	نهر إيلاق	Nahr Īlāq	waters	Transoxiana	40.91696	69.98462	certain
BANKHASH_700E409N_S	بنخاش	بنخاش، بنجخاش	Banḫāš	towns	Transoxiana	40.99377	70.00883	certain
NAHRILAQ_700E409N_W	نهر إيلاق	نهر إيلاق	Nahr Īlāq	waters	Transoxiana	40.91403	70.01367	certain
NAHRHULBUK_701E383N_W	نهر هلبك	نهر هلبك	Nahr Hulbuk	waters	Transoxiana	38.30610	70.17895	certain
BADHAKHKATH_701E424N_S	بذخكث	بذخكث	Baḏaḫkaṯ	towns	Transoxiana	42.45971	70.19287	certain
ILAQ_702E407N_R	إيلاق	إيلاق	Īlāq	regions	Transoxiana	40.78508	70.20740	certain
TUNKATH_702E410N_S	تونكث	تونكث	Tūnkaṯ	capitals	Transoxiana	41.01789	70.22483	certain
SAMGHAR_702E404N_S	صامغار	صامغار	Ṣāmġār	villages	Transoxiana	40.46049	70.22677	certain
RASHT_703E391N_R	الرشت	الرشت	al-Rašt	regions	Transoxiana	39.19555	70.38730	certain
JAJISTAN_704E405N_S	جاجيستان	جاجيستان	Ǧāǧīstān	waystations	Transoxiana	40.55623	70.43986	certain
TAMTAJ_705E425N_S	تمتاج	تمتاج	Tamtāǧ	towns	Transoxiana	42.56503	70.50767	certain
KAND_705E402N_S	كند	كند	Kand	towns	Transoxiana	40.29225	70.51735	certain
KHASH_705E410N_S	خاش	خاش، خاس، خشت	Ḫāš	towns	Transoxiana	41.02958	70.53285	certain
ASBARA_707E401N_S	أسبرة	أسبرة	Asbaraŧ	villages	Transoxiana	40.13989	70.70139	certain
BARJAH_708E426N_S	بارجاح	بارجاح، بارجاخ، بارجاج	Bārǧāḥ	waystations	Transoxiana	42.62635	70.80406	certain
TURMUGHAN_708E407N_S	ترمغان	ترمغان، طرمقان	Turmuġān	villages	Transoxiana	40.78105	70.89318	certain
WANKATH_708E409N_S	وانكث	وانكث	Wānkaṯ	towns	Transoxiana	40.92611	70.89511	certain
NAHRJARIYAB_709E383N_W	نهر جريب	نهر جريب	Nahr Ǧariyab	waters	Transoxiana	38.37779	70.91287	certain
KHAYLAM_709E411N_S	خيلام	خيلام، خيرلم	Ḫaylām	capitals	Transoxiana	41.13472	70.99972	certain
KHUWAKAND_710E405N_S	خواكند	خواكند	Ḫuwākand	towns	Transoxiana	40.55623	71.05784	certain
NASA_711E404N_R	نساء	نساء، نسيا	Nasāʾ	regions	Transoxiana	40.41184	71.10821	certain
BAB_711E408N_S	باب	باب	Bāb	towns	Transoxiana	40.88072	71.16439	certain
SUKH_712E399N_S	سوخ	سوخ، سوج	Sūḫ	towns	Transoxiana	39.97506	71.21396	certain
AKHSHIKATH_713E409N_S	أخشيكث	أخشيكث	Aḫšīkaṯ	capitals	Transoxiana	40.91733	71.36392	certain
TARAZ_714E428N_S	طراز	طراز	Ṭarāz	towns	Transoxiana	42.83695	71.44044	certain
RISHTAN_715E400N_S	رشتان	رشتان	Rištān	towns	Transoxiana	40.02761	71.55377	certain
KASAN_716E412N_S	كاسان	كاسان	Kāsān	towns	Transoxiana	41.24406	71.64288	certain
SHALJI_716E425N_S	شلجي	شلجي	Šalǧī	towns	Transoxiana	42.59356	71.66129	certain
NUSHAJANSUFLA_717E428N_S	نوشجان السفلى	نوشجان السفلى	Nūšaǧān al-Suflá	villages	Transoxiana	42.89978	71.70197	certain
AWAL_717E404N_S	أوال	أوال	Awāl	towns	Transoxiana	40.43580	71.74749	certain
MARGHINAN_717E405N_S	مرغينن	مرغينن	Marġīnan	towns	Transoxiana	40.50359	71.76105	certain
KARWAN_718E414N_S	كروان	كروان	Karwān	capitals	Transoxiana	41.48396	71.83079	certain
KARWAN_718E414N_R	كروان	كروان	Karwān	regions	Transoxiana	41.48396	71.83079	certain
NAHRSHASH_719E409N_W	نهر شاش	نهر شاش، صيحون	Nahr Šāš	waters	Transoxiana	40.94221	71.95478	certain
JIDGHIL_719E413N_R	جدغل	جدغل	Ǧidġil	regions	Transoxiana	41.30084	71.97221	certain
FARGHANA_720E403N_R	فرغانة	فرغانة	Farġānaŧ	regions	Transoxiana	40.33989	72.02839	certain
USHTIQAN_720E406N_S	أشتيقان	أشتيقان	Uštīqān	towns	Transoxiana	40.67718	72.05745	certain
ZANDARAMASH_720E402N_S	زندرامش	زندرامش	Zandarāmaš	towns	Transoxiana	40.24237	72.08263	certain
KULSHUB_721E428N_S	كول شوب	كول شوب	Kūl Šūb	waystations	Transoxiana	42.88984	72.10394	certain
QUBA_721E405N_S	قبا	قبا	Qubā	towns	Transoxiana	40.55660	72.18143	certain
ARDALANKATH_722E412N_S	أردلانكث	أردلانكث	Ardalānkaṯ	towns	Transoxiana	41.28774	72.25505	certain
ANDIKAN_724E408N_S	أندكان	أندكان	Andikān	towns	Transoxiana	40.81221	72.45652	certain
JULSHUB_724E428N_S	جول شوب	جول شوب	Ǧūl Šūb	waystations	Transoxiana	42.89268	72.49720	certain
NUQAD_727E403N_R	نقاد	نقاد، نقاد	Nuqād	regions	Transoxiana	40.34137	72.76260	certain
FAMIR_727E375N_R	فامر	فامر	Fāmir	regions	Transoxiana	37.57252	72.79201	certain
USH_728E405N_S	أوش	أوش	Ūš	towns	Transoxiana	40.53599	72.85752	certain
KULAN_729E428N_S	كولان	كولان	Kūlān	waystations	Transoxiana	42.87068	72.94179	certain
MIRKI_731E428N_S	ميركي	ميركي	Mīrkī	towns	Transoxiana	42.81670	73.19654	certain
UZJAND_733E408N_S	أوزجند	أوزجند	Ūzǧand	towns	Transoxiana	40.81074	73.39026	certain
NAHRKHURSHAB_734E403N_W	نهر خرشاب	نهر خرشاب، نهر خرشاب، نهر خرشان	Nahr Ḫuršāb	waters	Transoxiana	40.37680	73.45613	certain
ASBARA_735E427N_S	أسبرة	أسبرة	Asbaraŧ	villages	Transoxiana	42.77192	73.56945	certain
NUSHKATH_742E427N_S	نوشكث	نوشكث، نوزكث	Nūškaṯ	towns	Transoxiana	42.77832	74.26008	certain
KHARANJAWAN_745E428N_S	خرنجوان	خرنجوان	Ḫaranǧawān	towns	Transoxiana	42.83233	74.54582	certain
KHARLUKHIYYA_747E423N_R	الخرلخية	الخرلخية	al-Ḫarluḫiyyaŧ	regions	Transoxiana	42.38249	74.76957	certain
JUL_747E428N_S	جول	جول	Ǧūl	waystations	Transoxiana	42.84796	74.79378	certain
SARIGH_752E428N_S	سارغ	سارغ	Sāriġ	waystations	Transoxiana	42.80107	75.26356	certain
ATBASH_758E411N_S	أطباش	أطباش، طباش	Aṭbāš	villages	Transoxiana	41.16025	75.81567	certain
NAWIKATH_758E430N_S	نويكث	نويكث	Nawīkaṯ	towns	Transoxiana	43.06700	75.87766	certain
KUBAL_762E432N_S	كبال	كبال	Kubāl	villages	Transoxiana	43.21825	76.21861	certain
MADINBANUSULAYM_408E235N_O	معدن بنو سليم	معدن بنو سليم	Maʿdin Banū Sulaym	sites	Jazirat al-Arab	23.53832	40.82270	certain
DANKAN_423E175N_R	ضنكان	ضنكان	Ḍankān	regions	Yemen	17.52221	42.35312	certain
ATTAR_423E171N_S	عطار	عطار	ʿAṭṭār	capitals	Yemen	17.18513	42.39306	certain
ATTAR_423E171N_R	عطار	عطار	ʿAṭṭār	regions	Yemen	17.18513	42.39306	certain
BAYSH_425E173N_S	بيش	بيش	Bayš	towns	Yemen	17.37689	42.53617	certain
JAZAN_425E168N_S	جازان	جازان	Ǧāzān	towns	Yemen	16.89564	42.55043	certain
JAZIRAKAMARAN_425E153N_R	جزيرة كمران	جزيرة كمران	Ǧazīraŧ Kamarān	regions	Yemen	15.36876	42.56843	certain
JAZAN_427E169N_R	جازان	جازان	Ǧāzān	regions	Yemen	16.99054	42.72032	certain
HIRDA_427E152N_R	الحردة	الحردة	al-Ḥirdaŧ	regions	Yemen	15.22479	42.73173	certain
HIRDA_427E152N_S	الحردة	الحردة	al-Ḥirdaŧ	towns	Yemen	15.22479	42.73173	certain
SHARJA_428E163N_S	الشرجة	الشرجة	al-Šarǧaŧ	towns	Yemen	16.32481	42.80636	certain
URSH_428E169N_S	العرش	العرش	al-ʿUrš	waystations	Yemen	16.96745	42.82787	certain
KHASUF_428E166N_S	الخصوف	الخصوف	al-Ḫaṣūf	towns	Yemen	16.67647	42.88142	certain
MAWR_428E157N_S	مور	مور	Mawr	towns	Yemen	15.73119	42.89942	certain
ITNA_429E148N_S	عطنة	عطنة	ʿIṭnaŧ	towns	Yemen	14.82308	42.94507	certain
HAKAM_429E163N_R	حكم	حكم	Ḥakam	regions	Yemen	16.37831	42.94727	certain
WADIKHULAB_430E167N_W	وادي خلب	وادي خلب	Wādī Ḫulab	waters	Yemen	16.70128	43.00170	certain
WADIMAWR_430E156N_W	وادي مور	وادي مور	Wādī Mawr	waters	Yemen	15.67118	43.01443	certain
GHALAFIQA_430E144N_S	غلافقة	غلافقة	Ġalāfiqaŧ	towns	Yemen	14.44273	43.03243	certain
HAYRAN_430E159N_R	حيران	حيران	Ḥayrān	regions	Yemen	15.96703	43.03594	certain
SURDUD_430E151N_R	سردد	سردد، سردد	Surdud	regions	Yemen	15.18964	43.03638	certain
WADIHAYRAN_430E160N_W	وادي حيران	وادي حيران	Wādī Ḥayrān	waters	Yemen	16.05227	43.06403	certain
MAHJAM_430E152N_S	المهجم	المهجم	al-Mahǧam	towns	Yemen	15.22352	43.07237	certain
WADISURDUD_431E152N_W	وادي سردد	وادي سردد	Wādī Surdud	waters	Yemen	15.28451	43.17773	certain
WADIRIMA_432E142N_W	وادي رماع	وادي رماع	Wādī Rimāʿ	waters	Yemen	14.26412	43.25543	certain
RIMA_432E143N_R	رماع	رماع	Rimāʿ	regions	Yemen	14.35515	43.25806	certain
MUKHA_432E133N_S	مخا	مخا	Muḫā	towns	Yemen	13.32902	43.26069	certain
ZABID_433E142N_S	زبيد	زبيد	Zabīd	capitals	Yemen	14.20796	43.32654	certain
MILHAN_434E153N_R	ملحان	ملحان	Milḥān	regions	Yemen	15.37490	43.40292	certain
WADIZABID_434E141N_W	وادي زبيد	وادي زبيد	Wādī Zabīd	waters	Yemen	14.15093	43.40380	certain
HAYS_434E139N_S	حيس	حيس	Ḥays	towns	Yemen	13.93140	43.48282	certain
MANDAB_434E126N_R	المندب	المندب	al-Mandab	regions	Yemen	12.69260	43.49950	certain
MANDAB_434E126N_S	المندب	المندب	al-Mandab	towns	Yemen	12.69260	43.49950	certain
HAWZAN_435E150N_R	هوزان	هوزان	Hawzān	regions	Yemen	15.08010	43.50125	certain
HAJUR_435E160N_R	حجور	حجور	Ḥaǧūr	regions	Yemen	16.00544	43.51706	certain
QUFAA_435E137N_R	قفاعة	قفاعة	Qufāʿaŧ	regions	Yemen	13.78649	43.58641	certain
JUBLAN_436E142N_R	جبلان	جبلان	Ǧublān	regions	Yemen	14.27880	43.67157	certain
JUBLAN_436E142N_S	جبلان	جبلان	Ǧublān	towns	Yemen	14.27880	43.67157	certain
QUDAM_436E158N_R	قدم	قدم، قدم	Qudam	regions	Yemen	15.81462	43.68913	certain
ARIQA_437E173N_S	عرقة	عرقة	ʿAriqaŧ	waystations	Yemen	17.31174	43.71306	certain
HARAZ_437E150N_R	حراز	حراز	Ḥarāz	regions	Yemen	15.06484	43.71898	certain
UKHRUJ_437E153N_R	الأخروج	الأخروج	al-Uḫrūǧ	regions	Yemen	15.34103	43.73654	certain
SADA_437E169N_S	صعدة	صعدة	Ṣaʿdaŧ	towns	Yemen	16.94530	43.76442	certain
HADUR_437E155N_R	حضور	حضور	Ḥaḍūr	regions	Yemen	15.52891	43.78395	certain
WADIA_438E160N_R	وادعة	وادعة	Wādiʿaŧ	regions	Yemen	16.03244	43.80678	certain
RAKB_438E133N_R	ركب	ركب	Rakb	regions	Yemen	13.38540	43.83575	certain
UNNA_438E140N_R	عنة	عنة	ʿUnnaŧ	regions	Yemen	14.00041	43.88228	certain
SHIBAM_439E155N_S	شبام	شبام	Šibām	villages	Yemen	15.51632	43.90335	certain
ARA_439E126N_S	عارة	عارة	ʿĀraŧ	villages	Yemen	12.66455	43.91477	certain
JABALHIMYAR_439E138N_O	جبل حمير	جبل حمير	Ǧabal Ḥimyar	sites	Yemen	13.88026	43.94813	certain
BAWN_439E157N_R	بون	بون	Bawn	regions	Yemen	15.78083	43.94901	certain
AMASHIYYA_439E165N_S	الأعمشية	الأعمشية	al-Aʿmašiyyaŧ	waystations	Yemen	16.56721	43.95032	certain
SHARAB_439E136N_R	شرعب	شرعب	Šarʿab	regions	Yemen	13.61931	43.95691	certain
MASANI_439E155N_R	المصانع	المصانع	al-Maṣāniʿ	regions	Yemen	15.58050	43.96174	certain
ATHAFIT_439E161N_S	أثافت	أثافت	Aṯāfit	waystations	Yemen	16.11174	43.97249	certain
MUDHAYKHIRA_439E137N_S	المذيخرة	المذيخرة	al-Muḏayḫiraŧ	towns	Yemen	13.78649	43.97403	certain
SUHUL_440E141N_R	السحول	السحول	al-Suḥūl	regions	Yemen	14.19370	44.03504	certain
WADIMALAL_440E154N_R	واضع المعلل	واضع المعلل	Wāḍiʿ al-Maʿlal	regions	Yemen	15.45244	44.04470	certain
RAYDA_440E158N_S	الريدة	الريدة	al-Raydaŧ	villages	Yemen	15.83194	44.04470	certain
KHAYWAN_440E162N_R	خيوان	خيوان	Ḫaywān	regions	Yemen	16.29079	44.06424	certain
KHAYWAN_440E162N_S	خيوان	خيوان	Ḫaywān	towns	Yemen	16.29079	44.06424	certain
ALHAN_440E148N_R	ألهان	ألهان	Alhān	regions	Yemen	14.80399	44.07982	certain
WADISUHUL_440E142N_W	وادي سحول	وادي سحول	Wādī Suḥūl	waters	Yemen	14.25370	44.08509	certain
DHUBHAN_441E132N_R	ذبحان	ذبحان	Ḏubḥān	regions	Yemen	13.23247	44.10309	certain
BAWSHAN_441E157N_R	بوشان	بوشان	Bawšān	regions	Yemen	15.70742	44.11406	certain
HAMDAN_441E155N_R	همدان	همدان	Hamdān	regions	Yemen	15.57151	44.12811	certain
NAIT_441E158N_S	ناعط	ناعط	Nāʿiṭ	waystations	Yemen	15.83563	44.14391	certain
SAKASIK_441E136N_R	السكاسك	السكاسك	al-Sakāsik	regions	Yemen	13.66709	44.17420	certain
JANAD_441E136N_R	الجند	الجند	al-Ǧanad	regions	Yemen	13.69225	44.17508	certain
JANAD_441E136N_S	الجند	الجند	al-Ǧanad	towns	Yemen	13.69225	44.17508	certain
THUJJA_441E139N_S	الثجة	الثجة	al-Ṯuǧǧaŧ	capitals	Yemen	13.97911	44.17683	certain
THUJJA_441E139N_R	الثجة	الثجة	al-Ṯuǧǧaŧ	regions	Yemen	13.97911	44.17683	certain
SANA_442E153N_S	صنعاء	صنعاء	Ṣanʿāʾ	capitals	Yemen	15.37373	44.20186	certain
HAQL_442E142N_R	الحقل	الحقل	al-Ḥaql	regions	Yemen	14.25242	44.23214	certain
RUHABA_442E154N_R	رحابة	رحابة	Ruḥābaŧ	regions	Yemen	15.45562	44.25892	certain
GHUDAR_442E158N_R	الغدر	الغدر	al-Ġudar	regions	Yemen	15.88071	44.26507	certain
URF_442E150N_S	العرف	العرف	al-ʿUrf	towns	Yemen	15.09101	44.27297	certain
KHASHAB_443E156N_R	خشب	خشب	Ḫašab	regions	Yemen	15.62405	44.34672	certain
MARMAL_443E155N_R	مرمل	مرمل	Marmal	regions	Yemen	15.56063	44.36603	certain
ANS_443E144N_R	عنس	عنس	ʿAns	regions	Yemen	14.43955	44.37788	certain
ZAFAR_443E142N_S	ظفار	ظفار	Ẓafār	towns	Yemen	14.23881	44.38227	certain
MAYTAM_443E138N_R	ميتم	ميتم	Maytam	regions	Yemen	13.89347	44.38842	certain
ARHAB_443E158N_R	أرحب	أرحب	Arḥab	regions	Yemen	15.82412	44.39237	certain
DHIMAR_443E145N_R	ذمار	ذمار	Ḏimār	regions	Yemen	14.56364	44.39720	certain
DHIMAR_443E145N_S	ذمار	ذمار	Ḏimār	towns	Yemen	14.56364	44.39720	certain
YAHSIB_444E142N_R	يحصب	يحصب	Yaḥṣib	regions	Yemen	14.21583	44.41651	certain
WADIKHARID_444E159N_W	وادي الخارد	وادي الخارد	Wādī al-Ḫārid	waters	Yemen	15.95585	44.43363	certain
MAAFIR_445E132N_R	المعافر	المعافر	al-Maʿāfir	regions	Yemen	13.22221	44.52977	certain
HUJRWA-BADR_445E139N_R	هجر وبدر	هجر وبدر	Huǧr wa-Badr	regions	Yemen	13.90626	44.56313	certain
RUAYN_445E144N_R	رعين	رعين	Ruʿayn	regions	Yemen	14.42424	44.59298	certain
MAKHNAQ_446E128N_S	المخنق	المخنق	al-Maḫnaq	villages	Yemen	12.83410	44.60835	certain
DHUJURRA_446E154N_R	ذو جرة	ذو جرة	Ḏū Ǧurraŧ	regions	Yemen	15.40346	44.64961	certain
YAM_446E159N_R	يام	يام	Yām	regions	Yemen	15.92968	44.67244	certain
KHAWLAN_446E152N_R	الخولان	الخولان	al-Ḫawlān	regions	Yemen	15.28324	44.69438	certain
BADR_447E138N_R	بدر	بدر	Badr	regions	Yemen	13.87387	44.72906	certain
DAMTH_447E141N_R	دمث	دمث	Damṯ	regions	Yemen	14.16433	44.74355	certain
DAMTH_447E141N_S	دمث	دمث	Damṯ	towns	Yemen	14.16433	44.74355	certain
THATWA-RADA_447E144N_R	ثات ورداع	ثات ورداع	Ṯāt wa-Radāʿ	regions	Yemen	14.48460	44.76857	certain
JAWFHAMDAN_448E155N_R	جوف همدان	جوف همدان	Ǧawf Hamdān	regions	Yemen	15.59445	44.81642	certain
NASAFAN_448E140N_R	نسفان	نسفان	Nasafān	regions	Yemen	14.02916	44.84320	certain
RADA_448E144N_S	رداع	رداع	Radāʿ	towns	Yemen	14.42679	44.84407	certain
KAHLAN_448E139N_R	كحلان	كحلان	Kaḥlān	regions	Yemen	13.96335	44.85637	certain
LAHJ_448E130N_S	لحج	لحج، لهج	Laḥǧ	towns	Yemen	13.06747	44.86953	certain
ABYAYN_449E131N_S	أبياين	أبياين	Abyāyn	capitals	Yemen	13.14229	44.96348	certain
ABYAYN_449E131N_R	أبياين	أبياين	Abyāyn	regions	Yemen	13.14229	44.96348	certain
RADA_449E143N_R	رداع	رداع	Radāʿ	regions	Yemen	14.38257	44.99684	certain
ADAN_450E127N_S	عدن	عدن	ʿAdan	towns	Yemen	12.79365	45.03942	certain
AKHILLA_451E132N_R	أخلة	أخلة	Aḫillaŧ	regions	Yemen	13.20320	45.17945	certain
YAFI_452E133N_R	يافع	يافع	Yāfiʿ	regions	Yemen	13.36042	45.26900	certain
SABA_453E154N_R	سباء	سباء	Sabāʾ	regions	Yemen	15.40854	45.33616	certain
MARIB_454E155N_S	مأرب	مأرب	Maʾrib	capitals	Yemen	15.55742	45.43900	certain
MARIB_454E155N_R	مأرب	مأرب	Maʾrib	regions	Yemen	15.55742	45.43900	certain
JAWFMURAD_454E151N_R	جوف مراد	جوف مراد	Ǧawf Murād	regions	Yemen	15.10298	45.44152	certain
SARW_455E139N_R	السرو	السرو	al-Sarw	regions	Yemen	13.98039	45.58857	certain
DATHINA_458E138N_R	دثينة	دثينة	Daṯīnaŧ	regions	Yemen	13.81354	45.89739	certain
SHIBAM_485E159N_S	شبام	شبام	Šibām	towns	Yemen	15.92483	48.57208	certain
KINDAWASAKUN_486E153N_R	كندة و سكون	كندة و سكون	Kindaŧ wa Sakūn	regions	Yemen	15.30551	48.67779	certain
MAHRA_502E151N_R	مهرة	مهرة	Mahraŧ	regions	Yemen	15.14685	50.21937	certain
ROUTPOINT1206_000W357N_O	RoutPoint1206	RoutPoint1206	RoutPoint1206	xroads	Maghrib	35.75813	-0.02807	certain
ROUTPOINT1202_005W327N_O	RoutPoint1202	RoutPoint1202	RoutPoint1202	xroads	Maghrib	32.74875	-0.59001	certain
ROUTPOINT1207_023W350N_O	RoutPoint1207	RoutPoint1207	RoutPoint1207	xroads	Maghrib	35.08397	-2.38493	certain
ROUTPOINT1208_027W345N_O	RoutPoint1208	RoutPoint1208	RoutPoint1208	xroads	Maghrib	34.56086	-2.71334	certain
ROUTPOINT1411_030W367N_O	RoutPoint1411	RoutPoint1411	RoutPoint1411	xroads	Andalus	36.78321	-3.02432	certain
ROUTPOINT1408_037W373N_O	RoutPoint1408	RoutPoint1408	RoutPoint1408	xroads	Andalus	37.36682	-3.72030	certain
ROUTPOINT1209_038W351N_O	RoutPoint1209	RoutPoint1209	RoutPoint1209	xroads	Maghrib	35.18225	-3.84972	certain
ROUTPOINT1210_038W342N_O	RoutPoint1210	RoutPoint1210	RoutPoint1210	xroads	Maghrib	34.27893	-3.85483	certain
ROUTPOINT1407_040W374N_O	RoutPoint1407	RoutPoint1407	RoutPoint1407	xroads	Andalus	37.47858	-4.07548	certain
ROUTPOINT1406_044W377N_O	RoutPoint1406	RoutPoint1406	RoutPoint1406	xroads	Andalus	37.70800	-4.45404	certain
ROUTPOINT1409_047W378N_O	RoutPoint1409	RoutPoint1409	RoutPoint1409	xroads	Andalus	37.83949	-4.71391	certain
ROUTPOINT1410_047W378N_O	RoutPoint1410	RoutPoint1410	RoutPoint1410	xroads	Andalus	37.85724	-4.78494	certain
ROUTPOINT1404_049W375N_O	RoutPoint1404	RoutPoint1404	RoutPoint1404	xroads	Andalus	37.55276	-4.96388	certain
ROUTPOINT1201_051W336N_O	RoutPoint1201	RoutPoint1201	RoutPoint1201	xroads	Maghrib	33.62795	-5.18383	certain
ROUTPOINT1405_051W375N_O	RoutPoint1405	RoutPoint1405	RoutPoint1405	xroads	Andalus	37.50854	-5.18598	certain
ROUTPOINT1416_052W384N_O	RoutPoint1416	RoutPoint1416	RoutPoint1416	xroads	Andalus	38.48401	-5.26376	certain
ROUTPOINT1415_053W383N_O	RoutPoint1415	RoutPoint1415	RoutPoint1415	xroads	Andalus	38.30589	-5.31816	certain
ROUTPOINT1211_053W341N_O	RoutPoint1211	RoutPoint1211	RoutPoint1211	xroads	Maghrib	34.16618	-5.32758	certain
ROUTPOINT1401_053W362N_O	RoutPoint1401	RoutPoint1401	RoutPoint1401	xroads	Andalus	36.26656	-5.35593	certain
ROUTPOINT1403_057W376N_O	RoutPoint1403	RoutPoint1403	RoutPoint1403	xroads	Andalus	37.60122	-5.72640	certain
ROUTPOINT1402_057W367N_O	RoutPoint1402	RoutPoint1402	RoutPoint1402	xroads	Andalus	36.78537	-5.79474	certain
ROUTPOINT1412_059W389N_O	RoutPoint1412	RoutPoint1412	RoutPoint1412	xroads	Andalus	38.94278	-5.98896	certain
ROUTPOINT1413_065W397N_O	RoutPoint1413	RoutPoint1413	RoutPoint1413	xroads	Andalus	39.74353	-6.56085	certain
ROUTPOINT1414_066W395N_O	RoutPoint1414	RoutPoint1414	RoutPoint1414	xroads	Andalus	39.53718	-6.62559	certain
ROUTPOINT1417_005E407N_O	RoutPoint1417	RoutPoint1417	RoutPoint1417	xroads	Andalus	40.78294	0.54908	certain
ROUTPOINT1204_010E353N_O	RoutPoint1204	RoutPoint1204	RoutPoint1204	xroads	Maghrib	35.36942	1.05376	certain
ROUTPOINT1205_011E359N_O	RoutPoint1205	RoutPoint1205	RoutPoint1205	xroads	Maghrib	35.99891	1.11796	certain
ROUTPOINT1203_011E353N_O	RoutPoint1203	RoutPoint1203	RoutPoint1203	xroads	Maghrib	35.31427	1.16626	certain
ROUTPOINT1216_100E356N_O	RoutPoint1216	RoutPoint1216	RoutPoint1216	xroads	Maghrib	35.62546	10.08173	certain
ROUTPOINT1217_101E357N_O	RoutPoint1217	RoutPoint1217	RoutPoint1217	xroads	Maghrib	35.77312	10.15332	certain
ROUTPOINT1301_153E312N_O	RoutPoint1301	RoutPoint1301	RoutPoint1301	xroads	Barqa	31.26948	15.30735	certain
ROUTPOINT1002_308E310N_O	RoutPoint1002	RoutPoint1002	RoutPoint1002	xroads	Egypt	31.00529	30.87188	certain
ROUTPOINT1004_309E303N_O	RoutPoint1004	RoutPoint1004	RoutPoint1004	xroads	Egypt	30.32150	30.91381	certain
ROUTPOINT1003_319E307N_O	RoutPoint1003	RoutPoint1003	RoutPoint1003	xroads	Egypt	30.77793	31.97132	certain
ROUTPOINT1001_325E300N_O	RoutPoint1001	RoutPoint1001	RoutPoint1001	xroads	Egypt	30.03235	32.52584	certain
ROUTPOINT1101_331E259N_O	RoutPoint1101	RoutPoint1101	RoutPoint1101	xroads	Egypt	25.90701	33.13064	certain
ROUTPOINT0110_345E316N_O	RoutPoint0110	RoutPoint0110	RoutPoint0110	xroads	Sham	31.62179	34.56856	certain
ROUTPOINT0109_345E315N_O	RoutPoint0109	RoutPoint0109	RoutPoint0109	xroads	Sham	31.54965	34.58964	certain
ROUTPOINT0111_346E318N_O	RoutPoint0111	RoutPoint0111	RoutPoint0111	xroads	Sham	31.83292	34.67797	certain
ROUTPOINT0112_346E318N_O	RoutPoint0112	RoutPoint0112	RoutPoint0112	xroads	Sham	31.88174	34.69828	certain
ROUTPOINT0104_350E316N_O	RoutPoint0104	RoutPoint0104	RoutPoint0104	xroads	Sham	31.65743	35.00657	certain
ROUTPOINT0103_350E315N_O	RoutPoint0103	RoutPoint0103	RoutPoint0103	xroads	Sham	31.57487	35.07899	certain
ROUTPOINT0105_351E316N_O	RoutPoint0105	RoutPoint0105	RoutPoint0105	xroads	Sham	31.68776	35.12345	certain
ROUTPOINT0113_351E319N_O	RoutPoint0113	RoutPoint0113	RoutPoint0113	xroads	Sham	31.90712	35.18907	certain
ROUTPOINT0102_353E313N_O	RoutPoint0102	RoutPoint0102	RoutPoint0102	xroads	Sham	31.33329	35.35270	certain
ROUTPOINT0902_353E303N_O	RoutPoint0902	RoutPoint0902	RoutPoint0902	xroads	Sham	30.37325	35.36474	certain
ROUTPOINT0106_353E318N_O	RoutPoint0106	RoutPoint0106	RoutPoint0106	xroads	Sham	31.82820	35.37253	certain
ROUTPOINT0114_353E318N_O	RoutPoint0114	RoutPoint0114	RoutPoint0114	xroads	Sham	31.83503	35.39121	certain
ROUTPOINT0901_354E307N_O	RoutPoint0901	RoutPoint0901	RoutPoint0901	xroads	Sham	30.70785	35.42136	certain
ROUTPOINT0107_354E318N_O	RoutPoint0107	RoutPoint0107	RoutPoint0107	xroads	Sham	31.80247	35.43461	certain
ROUTPOINT0116_354E331N_O	RoutPoint0116	RoutPoint0116	RoutPoint0116	xroads	Sham	33.12041	35.43519	certain
ROUTPOINT0101_354E308N_O	RoutPoint0101	RoutPoint0101	RoutPoint0101	xroads	Sham	30.82286	35.44569	certain
ROUTPOINT0108_355E317N_O	RoutPoint0108	RoutPoint0108	RoutPoint0108	xroads	Sham	31.79889	35.52160	certain
ROUTPOINT0115_355E326N_O	RoutPoint0115	RoutPoint0115	RoutPoint0115	xroads	Sham	32.69767	35.54536	certain
ROUTPOINT0118_355E339N_O	RoutPoint0118	RoutPoint0118	RoutPoint0118	xroads	Sham	33.90176	35.55350	certain
ROUTPOINT0117_355E332N_O	RoutPoint0117	RoutPoint0117	RoutPoint0117	xroads	Sham	33.22177	35.55753	certain
ROUTPOINT0904_358E317N_O	RoutPoint0904	RoutPoint0904	RoutPoint0904	xroads	Sham	31.75556	35.84456	certain
ROUTPOINT0122_359E348N_O	RoutPoint0122	RoutPoint0122	RoutPoint0122	xroads	Sham	34.87034	35.90939	certain
ROUTPOINT0903_359E317N_O	RoutPoint0903	RoutPoint0903	RoutPoint0903	xroads	Sham	31.79393	35.91693	certain
ROUTPOINT0121_362E333N_O	RoutPoint0121	RoutPoint0121	RoutPoint0121	xroads	Sham	33.33301	36.21852	certain
ROUTPOINT0120_362E335N_O	RoutPoint0120	RoutPoint0120	RoutPoint0120	xroads	Sham	33.54074	36.23688	certain
ROUTPOINT0119_362E363N_O	RoutPoint0119	RoutPoint0119	RoutPoint0119	xroads	Sham	36.36729	36.23744	certain
ROUTPOINT0909_370E280N_O	RoutPoint0909	RoutPoint0909	RoutPoint0909	xroads	Badiyat al-Arab	28.06301	37.09882	certain
ROUTPOINT0207_380E379N_O	RoutPoint0207	RoutPoint0207	RoutPoint0207	xroads	Aqur	37.90914	38.06612	certain
ROUTPOINT0206_385E375N_O	RoutPoint0206	RoutPoint0206	RoutPoint0206	xroads	Aqur	37.50303	38.56052	certain
ROUTPOINT0204_390E361N_O	RoutPoint0204	RoutPoint0204	RoutPoint0204	xroads	Aqur	36.11144	39.00238	certain
ROUTPOINT0205_390E368N_O	RoutPoint0205	RoutPoint0205	RoutPoint0205	xroads	Aqur	36.88700	39.05795	certain
ROUTPOINT0703_391E228N_O	RoutPoint0703	RoutPoint0703	RoutPoint0703	xroads	Jazirat al-Arab	22.82697	39.11532	certain
ROUTPOINT0704_391E229N_O	RoutPoint0704	RoutPoint0704	RoutPoint0704	xroads	Jazirat al-Arab	22.99819	39.17322	certain
ROUTPOINT0906_392E321N_O	RoutPoint0906	RoutPoint0906	RoutPoint0906	xroads	Badiyat al-Arab	32.14625	39.20032	certain
ROUTPOINT0702_392E224N_O	RoutPoint0702	RoutPoint0702	RoutPoint0702	xroads	Jazirat al-Arab	22.41979	39.24636	certain
ROUTPOINT0203_392E364N_O	RoutPoint0203	RoutPoint0203	RoutPoint0203	xroads	Aqur	36.42290	39.28285	certain
ROUTPOINT0209_396E380N_O	RoutPoint0209	RoutPoint0209	RoutPoint0209	xroads	Aqur	38.00670	39.63395	certain
ROUTPOINT0907_398E320N_O	RoutPoint0907	RoutPoint0907	RoutPoint0907	xroads	Badiyat al-Arab	32.01350	39.82533	certain
ROUTPOINT0210_401E379N_O	RoutPoint0210	RoutPoint0210	RoutPoint0210	xroads	Aqur	37.93697	40.11608	certain
ROUTPOINT0908_402E271N_O	RoutPoint0908	RoutPoint0908	RoutPoint0908	xroads	Badiyat al-Arab	27.17653	40.29365	certain
ROUTPOINT0208_407E371N_O	RoutPoint0208	RoutPoint0208	RoutPoint0208	xroads	Aqur	37.14172	40.70137	certain
ROUTPOINT0202_416E343N_O	RoutPoint0202	RoutPoint0202	RoutPoint0202	xroads	Aqur	34.39315	41.61558	certain
ROUTPOINT0201_421E342N_O	RoutPoint0201	RoutPoint0201	RoutPoint0201	xroads	Aqur	34.26758	42.13480	certain
ROUTPOINT0806_425E170N_O	RoutPoint0806	RoutPoint0806	RoutPoint0806	xroads	Yemen	17.00988	42.55098	certain
ROUTPOINT0805_427E167N_O	RoutPoint0805	RoutPoint0805	RoutPoint0805	xroads	Yemen	16.77760	42.71626	certain
ROUTPOINT0804_428E164N_O	RoutPoint0804	RoutPoint0804	RoutPoint0804	xroads	Yemen	16.45034	42.81942	certain
ROUTPOINT0709_428E238N_O	RoutPoint0709	RoutPoint0709	RoutPoint0709	xroads	Jazirat al-Arab	23.80557	42.87282	certain
ROUTPOINT0211_430E389N_O	RoutPoint0211	RoutPoint0211	RoutPoint0211	xroads	Rihab	38.97385	43.09565	certain
ROUTPOINT0803_431E161N_O	RoutPoint0803	RoutPoint0803	RoutPoint0803	xroads	Yemen	16.10818	43.12845	certain
ROUTPOINT0710_439E260N_O	RoutPoint0710	RoutPoint0710	RoutPoint0710	xroads	Badiyat al-Arab	26.07604	43.91699	certain
ROUTPOINT0802_442E148N_O	RoutPoint0802	RoutPoint0802	RoutPoint0802	xroads	Yemen	14.88867	44.26913	certain
ROUTPOINT0801_443E143N_O	RoutPoint0801	RoutPoint0801	RoutPoint0801	xroads	Yemen	14.31533	44.37876	certain
ROUTPOINT1606_449E381N_O	RoutPoint1606	RoutPoint1606	RoutPoint1606	xroads	Rihab	38.13725	44.90509	certain
ROUTPOINT1607_450E375N_O	RoutPoint1607	RoutPoint1607	RoutPoint1607	xroads	Rihab	37.55636	45.04559	certain
ROUTPOINT0301_457E325N_O	RoutPoint0301	RoutPoint0301	RoutPoint0301	xroads	Iraq	32.54476	45.74661	certain
ROUTPOINT1608_458E375N_O	RoutPoint1608	RoutPoint1608	RoutPoint1608	xroads	Rihab	37.58893	45.87267	certain
ROUTPOINT1605_458E382N_O	RoutPoint1605	RoutPoint1605	RoutPoint1605	xroads	Rihab	38.29658	45.88063	certain
ROUTPOINT1609_461E372N_O	RoutPoint1609	RoutPoint1609	RoutPoint1609	xroads	Rihab	37.20353	46.14572	certain
ROUTPOINT1601_463E357N_O	RoutPoint1601	RoutPoint1601	RoutPoint1601	xroads	NoRegion	35.79772	46.37005	certain
ROUTPOINT1802_466E437N_O	RoutPoint1802	RoutPoint1802	RoutPoint1802	xroads	Khazar	43.73871	46.64954	certain
ROUTPOINT1801_471E433N_O	RoutPoint1801	RoutPoint1801	RoutPoint1801	xroads	Khazar	43.32408	47.11116	certain
ROUTPOINT1612_471E405N_O	RoutPoint1612	RoutPoint1612	RoutPoint1612	xroads	Rihab	40.52049	47.19945	certain
ROUTPOINT0302_474E309N_O	RoutPoint0302	RoutPoint0302	RoutPoint0302	xroads	Iraq	30.90107	47.45392	certain
ROUTPOINT1613_476E407N_O	RoutPoint1613	RoutPoint1613	RoutPoint1613	xroads	Rihab	40.73903	47.61548	certain
ROUTPOINT0303_481E304N_O	RoutPoint0303	RoutPoint0303	RoutPoint0303	xroads	Iraq	30.44293	48.14520	certain
ROUTPOINT0401_482E321N_O	RoutPoint0401	RoutPoint0401	RoutPoint0401	xroads	Khuzistan	32.19102	48.22336	certain
ROUTPOINT1614_482E383N_O	RoutPoint1614	RoutPoint1614	RoutPoint1614	xroads	Rihab	38.37865	48.28798	certain
ROUTPOINT1616_483E378N_O	RoutPoint1616	RoutPoint1616	RoutPoint1616	xroads	Rihab	37.87282	48.33669	certain
ROUTPOINT0509_486E344N_O	RoutPoint0509	RoutPoint0509	RoutPoint0509	xroads	Jibal	34.48350	48.61600	certain
ROUTPOINT1615_487E406N_O	RoutPoint1615	RoutPoint1615	RoutPoint1615	xroads	Rihab	40.66162	48.72306	certain
ROUTPOINT0503_491E354N_O	RoutPoint0503	RoutPoint0503	RoutPoint0503	xroads	Jibal	35.49041	49.11483	certain
ROUTPOINT0510_491E340N_O	RoutPoint0510	RoutPoint0510	RoutPoint0510	xroads	Jibal	34.04348	49.17180	certain
ROUTPOINT0502_492E356N_O	RoutPoint0502	RoutPoint0502	RoutPoint0502	xroads	Jibal	35.67123	49.24766	certain
ROUTPOINT1619_495E359N_O	RoutPoint1619	RoutPoint1619	RoutPoint1619	xroads	Jibal	35.98341	49.57716	certain
ROUTPOINT0402_497E312N_O	RoutPoint0402	RoutPoint0402	RoutPoint0402	xroads	Khuzistan	31.28389	49.70340	certain
ROUTPOINT1803_499E530N_O	RoutPoint1803	RoutPoint1803	RoutPoint1803	xroads	Khazar	53.02226	49.98817	certain
ROUTPOINT1218_052E365N_O	RoutPoint1218	RoutPoint1218	RoutPoint1218	xroads	Maghrib	36.58463	5.26284	certain
ROUTPOINT0505_507E348N_O	RoutPoint0505	RoutPoint0505	RoutPoint0505	xroads	Jibal	34.85236	50.71791	certain
ROUTPOINT0504_511E352N_O	RoutPoint0504	RoutPoint0504	RoutPoint0504	xroads	Jibal	35.28295	51.10802	certain
ROUTPOINT0512_516E352N_O	RoutPoint0512	RoutPoint0512	RoutPoint0512	xroads	Mafaza	35.24938	51.65000	certain
ROUTPOINT0508_516E326N_O	RoutPoint0508	RoutPoint0508	RoutPoint0508	xroads	Jibal	32.61096	51.66347	certain
ROUTPOINT0506_517E327N_O	RoutPoint0506	RoutPoint0506	RoutPoint0506	xroads	Jibal	32.79657	51.71485	certain
ROUTPOINT0603_517E316N_O	RoutPoint0603	RoutPoint0603	RoutPoint0603	xroads	Faris	31.65660	51.76804	certain
ROUTPOINT1604_518E356N_O	RoutPoint1604	RoutPoint1604	RoutPoint1604	xroads	NoRegion	35.69230	51.83058	certain
ROUTPOINT1617_523E364N_O	RoutPoint1617	RoutPoint1617	RoutPoint1617	xroads	Daylam	36.42534	52.31039	certain
ROUTPOINT0608_529E326N_O	RoutPoint0608	RoutPoint0608	RoutPoint0608	xroads	Mafaza	32.69885	52.92404	certain
ROUTPOINT0609_532E298N_O	RoutPoint0609	RoutPoint0609	RoutPoint0609	xroads	Faris	29.81491	53.26823	certain
ROUTPOINT1618_547E376N_O	RoutPoint1618	RoutPoint1618	RoutPoint1618	xroads	Daylam	37.63592	54.76182	certain
ROUTPOINT0607_553E331N_O	RoutPoint0607	RoutPoint0607	RoutPoint0607	xroads	Mafaza	33.12436	55.38086	certain
ROUTPOINT0705_559E253N_O	RoutPoint0705	RoutPoint0705	RoutPoint0705	xroads	Jazirat al-Arab	25.37617	55.98750	certain
ROUTPOINT0610_562E290N_O	RoutPoint0610	RoutPoint0610	RoutPoint0610	xroads	Kirman	29.09437	56.21906	certain
ROUTPOINT0604_563E272N_O	RoutPoint0604	RoutPoint0604	RoutPoint0604	xroads	Kirman	27.24617	56.36540	certain
ROUTPOINT0605_565E298N_O	RoutPoint0605	RoutPoint0605	RoutPoint0605	xroads	Kirman	29.88928	56.59167	certain
ROUTPOINT0708_577E227N_O	RoutPoint0708	RoutPoint0708	RoutPoint0708	xroads	Jazirat al-Arab	22.79185	57.71540	certain
ROUTPOINT0707_577E228N_O	RoutPoint0707	RoutPoint0707	RoutPoint0707	xroads	Jazirat al-Arab	22.84241	57.72912	certain
ROUTPOINT0611_578E312N_O	RoutPoint0611	RoutPoint0611	RoutPoint0611	xroads	Mafaza	31.25797	57.81614	certain
ROUTPOINT0606_579E326N_O	RoutPoint0606	RoutPoint0606	RoutPoint0606	xroads	Mafaza	32.63282	57.91210	certain
ROUTPOINT0706_583E235N_O	RoutPoint0706	RoutPoint0706	RoutPoint0706	xroads	Jazirat al-Arab	23.53921	58.36603	certain
ROUTPOINT1702_592E359N_O	RoutPoint1702	RoutPoint1702	RoutPoint1702	xroads	Khurasan	35.96126	59.25769	certain
ROUTPOINT1701_596E367N_O	RoutPoint1701	RoutPoint1701	RoutPoint1701	xroads	Khurasan	36.75977	59.64504	certain
ROUTPOINT1219_060E360N_O	RoutPoint1219	RoutPoint1219	RoutPoint1219	xroads	Maghrib	36.06846	6.09115	certain
ROUTPOINT1718_608E348N_O	RoutPoint1718	RoutPoint1718	RoutPoint1718	xroads	Khurasan	34.83238	60.86446	certain
ROUTPOINT1909_613E262N_O	RoutPoint1909	RoutPoint1909	RoutPoint1909	xroads	Sind	26.22872	61.37513	certain
ROUTPOINT1910_615E271N_O	RoutPoint1910	RoutPoint1910	RoutPoint1910	xroads	Sind	27.19216	61.55950	certain
ROUTPOINT1916_617E308N_O	RoutPoint1916	RoutPoint1916	RoutPoint1916	xroads	Sijistan	30.83356	61.70041	certain
ROUTPOINT1908_617E261N_O	RoutPoint1908	RoutPoint1908	RoutPoint1908	xroads	Sind	26.12472	61.73465	certain
ROUTPOINT1917_617E309N_O	RoutPoint1917	RoutPoint1917	RoutPoint1917	xroads	Sijistan	30.90872	61.73531	certain
ROUTPOINT1703_621E343N_O	RoutPoint1703	RoutPoint1703	RoutPoint1703	xroads	Khurasan	34.37470	62.15348	certain
ROUTPOINT1919_623E301N_O	RoutPoint1919	RoutPoint1919	RoutPoint1919	xroads	Sijistan	30.19274	62.39350	certain
ROUTPOINT1717_624E402N_O	RoutPoint1717	RoutPoint1717	RoutPoint1717	xroads	Transoxiana	40.23741	62.43972	certain
ROUTPOINT1705_626E363N_O	RoutPoint1705	RoutPoint1705	RoutPoint1705	xroads	Khurasan	36.30715	62.61914	certain
ROUTPOINT1722_639E399N_O	RoutPoint1722	RoutPoint1722	RoutPoint1722	xroads	Transoxiana	39.96155	63.96440	certain
ROUTPOINT1704_649E359N_O	RoutPoint1704	RoutPoint1704	RoutPoint1704	xroads	Khurasan	35.96204	64.92682	certain
ROUTPOINT1907_652E262N_O	RoutPoint1907	RoutPoint1907	RoutPoint1907	xroads	Sind	26.22931	65.22578	certain
ROUTPOINT1911_653E276N_O	RoutPoint1911	RoutPoint1911	RoutPoint1911	xroads	Sind	27.67109	65.31533	certain
ROUTPOINT1720_654E389N_O	RoutPoint1720	RoutPoint1720	RoutPoint1720	xroads	Transoxiana	38.97694	65.40939	certain
ROUTPOINT1915_655E314N_O	RoutPoint1915	RoutPoint1915	RoutPoint1915	xroads	Sijistan	31.48828	65.57805	certain
ROUTPOINT1721_657E389N_O	RoutPoint1721	RoutPoint1721	RoutPoint1721	xroads	Transoxiana	38.91478	65.70845	certain
ROUTPOINT1713_663E386N_O	RoutPoint1713	RoutPoint1713	RoutPoint1713	xroads	Transoxiana	38.62997	66.31703	certain
ROUTPOINT1914_665E293N_O	RoutPoint1914	RoutPoint1914	RoutPoint1914	xroads	NoRegion	29.35067	66.55652	certain
ROUTPOINT1912_667E277N_O	RoutPoint1912	RoutPoint1912	RoutPoint1912	xroads	Sind	27.77717	66.78500	certain
ROUTPOINT1905_677E245N_O	RoutPoint1905	RoutPoint1905	RoutPoint1905	xroads	Sind	24.53335	67.71342	certain
ROUTPOINT1913_678E295N_O	RoutPoint1913	RoutPoint1913	RoutPoint1913	xroads	Sijistan	29.54677	67.80363	certain
ROUTPOINT1712_678E381N_O	RoutPoint1712	RoutPoint1712	RoutPoint1712	xroads	Transoxiana	38.16197	67.88513	certain
ROUTPOINT1719_679E358N_O	RoutPoint1719	RoutPoint1719	RoutPoint1719	xroads	Khurasan	35.83560	67.90946	certain
ROUTPOINT1725_679E399N_O	RoutPoint1725	RoutPoint1725	RoutPoint1725	xroads	Transoxiana	39.93544	67.98617	certain
ROUTPOINT1918_679E330N_O	RoutPoint1918	RoutPoint1918	RoutPoint1918	xroads	NoRegion	33.05542	67.99886	certain
ROUTPOINT1906_682E253N_O	RoutPoint1906	RoutPoint1906	RoutPoint1906	xroads	Sind	25.39828	68.28628	certain
ROUTPOINT1706_684E361N_O	RoutPoint1706	RoutPoint1706	RoutPoint1706	xroads	Khurasan	36.12385	68.42587	certain
ROUTPOINT1707_687E360N_O	RoutPoint1707	RoutPoint1707	RoutPoint1707	xroads	Khurasan	36.02592	68.72106	certain
ROUTPOINT1728_689E385N_O	RoutPoint1728	RoutPoint1728	RoutPoint1728	xroads	Transoxiana	38.56018	68.96102	certain
ROUTPOINT1727_691E384N_O	RoutPoint1727	RoutPoint1727	RoutPoint1727	xroads	Transoxiana	38.49824	69.14618	certain
ROUTPOINT1714_692E400N_O	RoutPoint1714	RoutPoint1714	RoutPoint1714	xroads	Transoxiana	40.07418	69.22893	certain
ROUTPOINT1711_692E372N_O	RoutPoint1711	RoutPoint1711	RoutPoint1711	xroads	Transoxiana	37.28694	69.23151	certain
ROUTPOINT1710_692E381N_O	RoutPoint1710	RoutPoint1710	RoutPoint1710	xroads	Transoxiana	38.13029	69.25665	certain
ROUTPOINT1729_693E383N_O	RoutPoint1729	RoutPoint1729	RoutPoint1729	xroads	Transoxiana	38.31427	69.33481	certain
ROUTPOINT1716_694E411N_O	RoutPoint1716	RoutPoint1716	RoutPoint1716	xroads	Transoxiana	41.18377	69.42422	certain
ROUTPOINT1709_695E375N_O	RoutPoint1709	RoutPoint1709	RoutPoint1709	xroads	Transoxiana	37.56589	69.58921	certain
ROUTPOINT1726_696E402N_O	RoutPoint1726	RoutPoint1726	RoutPoint1726	xroads	Transoxiana	40.26668	69.66363	certain
ROUTPOINT1904_698E300N_O	RoutPoint1904	RoutPoint1904	RoutPoint1904	xroads	NoRegion	30.08179	69.80863	certain
ROUTPOINT1903_698E300N_O	RoutPoint1903	RoutPoint1903	RoutPoint1903	xroads	NoRegion	30.08179	69.87052	certain
ROUTPOINT1708_698E376N_O	RoutPoint1708	RoutPoint1708	RoutPoint1708	xroads	Transoxiana	37.63329	69.88956	certain
ROUTPOINT1220_075E356N_O	RoutPoint1220	RoutPoint1220	RoutPoint1220	xroads	Maghrib	35.68292	7.59215	certain
ROUTPOINT1715_705E404N_O	RoutPoint1715	RoutPoint1715	RoutPoint1715	xroads	Transoxiana	40.43031	70.58950	certain
ROUTPOINT1901_706E300N_O	RoutPoint1901	RoutPoint1901	RoutPoint1901	xroads	Sind	30.07040	70.63104	certain
ROUTPOINT1723_711E407N_O	RoutPoint1723	RoutPoint1723	RoutPoint1723	xroads	Transoxiana	40.79361	71.11979	certain
ROUTPOINT1902_713E301N_O	RoutPoint1902	RoutPoint1902	RoutPoint1902	xroads	Sind	30.19113	71.36192	certain
ROUTPOINT1724_714E409N_O	RoutPoint1724	RoutPoint1724	RoutPoint1724	xroads	Transoxiana	40.99948	71.44240	certain
ROUTPOINT1212_084E367N_O	RoutPoint1212	RoutPoint1212	RoutPoint1212	xroads	Maghrib	36.78991	8.49250	certain
ROUTPOINT1214_094E358N_O	RoutPoint1214	RoutPoint1214	RoutPoint1214	xroads	Maghrib	35.80814	9.42149	certain
ROUTPOINT1213_098E368N_O	RoutPoint1213	RoutPoint1213	RoutPoint1213	xroads	Maghrib	36.87814	9.86752	certain
ROUTPOINT1215_099E354N_O	RoutPoint1215	RoutPoint1215	RoutPoint1215	xroads	Maghrib	35.46735	9.97946	certain
